--------------------------------------------------------
--  파일이 생성됨 - 수요일-4월-30-2025   
--------------------------------------------------------
--------------------------------------------------------
--  DDL for Sequence SEQ1
--------------------------------------------------------

   CREATE SEQUENCE  "PARKIB002"."SEQ1"  MINVALUE 1 MAXVALUE 9999999999999999999999999999 INCREMENT BY 1 START WITH 14 NOCACHE  NOORDER  NOCYCLE  NOKEEP  NOSCALE  GLOBAL ;
--------------------------------------------------------
--  DDL for Sequence SEQ_BOARD
--------------------------------------------------------

   CREATE SEQUENCE  "PARKIB002"."SEQ_BOARD"  MINVALUE 1 MAXVALUE 9999999999999999999999999999 INCREMENT BY 1 START WITH 41 CACHE 20 NOORDER  NOCYCLE  NOKEEP  NOSCALE  GLOBAL ;
--------------------------------------------------------
--  DDL for Sequence SEQ_FOOD
--------------------------------------------------------

   CREATE SEQUENCE  "PARKIB002"."SEQ_FOOD"  MINVALUE 1 MAXVALUE 9999999999999999999999999999 INCREMENT BY 3 START WITH 16 NOCACHE  NOORDER  NOCYCLE  NOKEEP  NOSCALE  GLOBAL ;
--------------------------------------------------------
--  DDL for Sequence SEQ_FOOD2
--------------------------------------------------------

   CREATE SEQUENCE  "PARKIB002"."SEQ_FOOD2"  MINVALUE 1 MAXVALUE 9999999999999999999999999999 INCREMENT BY 1 START WITH 21 CACHE 20 NOORDER  NOCYCLE  NOKEEP  NOSCALE  GLOBAL ;
--------------------------------------------------------
--  DDL for Sequence SEQ_HELLO
--------------------------------------------------------

   CREATE SEQUENCE  "PARKIB002"."SEQ_HELLO"  MINVALUE 1 MAXVALUE 9999999999999999999999999999 INCREMENT BY 1 START WITH 161 CACHE 20 NOORDER  NOCYCLE  NOKEEP  NOSCALE  GLOBAL ;
--------------------------------------------------------
--  DDL for Sequence SEQ_SAWON
--------------------------------------------------------

   CREATE SEQUENCE  "PARKIB002"."SEQ_SAWON"  MINVALUE 1 MAXVALUE 9999999999999999999999999999 INCREMENT BY 1 START WITH 37 NOCACHE  NOORDER  NOCYCLE  NOKEEP  NOSCALE  GLOBAL ;
--------------------------------------------------------
--  DDL for Sequence SEQ_SHOP
--------------------------------------------------------

   CREATE SEQUENCE  "PARKIB002"."SEQ_SHOP"  MINVALUE 1 MAXVALUE 9999999999999999999999999999 INCREMENT BY 1 START WITH 41 CACHE 20 NOORDER  NOCYCLE  NOKEEP  NOSCALE  GLOBAL ;
--------------------------------------------------------
--  DDL for Sequence SEQ_TEST
--------------------------------------------------------

   CREATE SEQUENCE  "PARKIB002"."SEQ_TEST"  MINVALUE 1 MAXVALUE 9999999999999999999999999999 INCREMENT BY 1 START WITH 21 CACHE 20 NOORDER  NOCYCLE  NOKEEP  NOSCALE  GLOBAL ;
--------------------------------------------------------
--  DDL for Table AJAXMEMO
--------------------------------------------------------

  CREATE TABLE "PARKIB002"."AJAXMEMO" 
   (	"NUM" NUMBER(3,0), 
	"WRITER" VARCHAR2(20 BYTE), 
	"CONTENT" VARCHAR2(1000 BYTE), 
	"EMOT" VARCHAR2(50 BYTE), 
	"WRITEDAY" DATE
   ) SEGMENT CREATION IMMEDIATE 
  PCTFREE 10 PCTUSED 40 INITRANS 1 MAXTRANS 255 
 NOCOMPRESS LOGGING
  STORAGE(INITIAL 65536 NEXT 1048576 MINEXTENTS 1 MAXEXTENTS 2147483645
  PCTINCREASE 0 FREELISTS 1 FREELIST GROUPS 1
  BUFFER_POOL DEFAULT FLASH_CACHE DEFAULT CELL_FLASH_CACHE DEFAULT)
  TABLESPACE "USERS" ;
--------------------------------------------------------
--  DDL for Table ANSWER
--------------------------------------------------------

  CREATE TABLE "PARKIB002"."ANSWER" 
   (	"NUM" NUMBER(5,0), 
	"BNO" NUMBER(3,0), 
	"NICKNAME" VARCHAR2(30 BYTE), 
	"CONTENT" VARCHAR2(100 BYTE)
   ) SEGMENT CREATION IMMEDIATE 
  PCTFREE 10 PCTUSED 40 INITRANS 1 MAXTRANS 255 
 NOCOMPRESS LOGGING
  STORAGE(INITIAL 65536 NEXT 1048576 MINEXTENTS 1 MAXEXTENTS 2147483645
  PCTINCREASE 0 FREELISTS 1 FREELIST GROUPS 1
  BUFFER_POOL DEFAULT FLASH_CACHE DEFAULT CELL_FLASH_CACHE DEFAULT)
  TABLESPACE "USERS" ;
--------------------------------------------------------
--  DDL for Table BOARD
--------------------------------------------------------

  CREATE TABLE "PARKIB002"."BOARD" 
   (	"BNO" NUMBER(3,0), 
	"WRITER" VARCHAR2(30 BYTE), 
	"SUBJECT" VARCHAR2(50 BYTE), 
	"WRITEDAY" DATE
   ) SEGMENT CREATION IMMEDIATE 
  PCTFREE 10 PCTUSED 40 INITRANS 1 MAXTRANS 255 
 NOCOMPRESS LOGGING
  STORAGE(INITIAL 65536 NEXT 1048576 MINEXTENTS 1 MAXEXTENTS 2147483645
  PCTINCREASE 0 FREELISTS 1 FREELIST GROUPS 1
  BUFFER_POOL DEFAULT FLASH_CACHE DEFAULT CELL_FLASH_CACHE DEFAULT)
  TABLESPACE "USERS" ;
--------------------------------------------------------
--  DDL for Table BOOKING
--------------------------------------------------------

  CREATE TABLE "PARKIB002"."BOOKING" 
   (	"NUM" NUMBER(5,0), 
	"NAME" VARCHAR2(20 BYTE), 
	"GENDER" CHAR(1 BYTE), 
	"BOOKDAY" VARCHAR2(30 BYTE), 
	"INWON" NUMBER(3,0), 
	"FOODPHOTO" VARCHAR2(200 BYTE), 
	"FOODPRICE" VARCHAR2(200 BYTE), 
	"MESSAGE" VARCHAR2(100 BYTE), 
	"WRITEDAY" DATE
   ) SEGMENT CREATION IMMEDIATE 
  PCTFREE 10 PCTUSED 40 INITRANS 1 MAXTRANS 255 
 NOCOMPRESS LOGGING
  STORAGE(INITIAL 65536 NEXT 1048576 MINEXTENTS 1 MAXEXTENTS 2147483645
  PCTINCREASE 0 FREELISTS 1 FREELIST GROUPS 1
  BUFFER_POOL DEFAULT FLASH_CACHE DEFAULT CELL_FLASH_CACHE DEFAULT)
  TABLESPACE "USERS" ;
--------------------------------------------------------
--  DDL for Table CART1
--------------------------------------------------------

  CREATE TABLE "PARKIB002"."CART1" 
   (	"IDX" NUMBER(5,0), 
	"NUM" NUMBER(5,0), 
	"CNT" NUMBER(5,0), 
	"GUIPDAY" DATE
   ) SEGMENT CREATION IMMEDIATE 
  PCTFREE 10 PCTUSED 40 INITRANS 1 MAXTRANS 255 
 NOCOMPRESS LOGGING
  STORAGE(INITIAL 65536 NEXT 1048576 MINEXTENTS 1 MAXEXTENTS 2147483645
  PCTINCREASE 0 FREELISTS 1 FREELIST GROUPS 1
  BUFFER_POOL DEFAULT FLASH_CACHE DEFAULT CELL_FLASH_CACHE DEFAULT)
  TABLESPACE "USERS" ;
--------------------------------------------------------
--  DDL for Table CART2
--------------------------------------------------------

  CREATE TABLE "PARKIB002"."CART2" 
   (	"IDX" NUMBER(5,0), 
	"NUM" NUMBER(5,0), 
	"CNT" NUMBER(5,0), 
	"GUIPDAY" DATE
   ) SEGMENT CREATION IMMEDIATE 
  PCTFREE 10 PCTUSED 40 INITRANS 1 MAXTRANS 255 
 NOCOMPRESS LOGGING
  STORAGE(INITIAL 65536 NEXT 1048576 MINEXTENTS 1 MAXEXTENTS 2147483645
  PCTINCREASE 0 FREELISTS 1 FREELIST GROUPS 1
  BUFFER_POOL DEFAULT FLASH_CACHE DEFAULT CELL_FLASH_CACHE DEFAULT)
  TABLESPACE "USERS" ;
--------------------------------------------------------
--  DDL for Table COMPANY
--------------------------------------------------------

  CREATE TABLE "PARKIB002"."COMPANY" 
   (	"COMPANY_ID" NUMBER(5,0), 
	"COMPANY" VARCHAR2(20 BYTE), 
	"ADDRESS" VARCHAR2(20 BYTE), 
	"PHONE" VARCHAR2(20 BYTE)
   ) SEGMENT CREATION IMMEDIATE 
  PCTFREE 10 PCTUSED 40 INITRANS 1 MAXTRANS 255 
 NOCOMPRESS LOGGING
  STORAGE(INITIAL 65536 NEXT 1048576 MINEXTENTS 1 MAXEXTENTS 2147483645
  PCTINCREASE 0 FREELISTS 1 FREELIST GROUPS 1
  BUFFER_POOL DEFAULT FLASH_CACHE DEFAULT CELL_FLASH_CACHE DEFAULT)
  TABLESPACE "USERS" ;
--------------------------------------------------------
--  DDL for Table COMPANYSAWON
--------------------------------------------------------

  CREATE TABLE "PARKIB002"."COMPANYSAWON" 
   (	"COMPANY" VARCHAR2(10 BYTE), 
	"ADDRESS" VARCHAR2(20 BYTE), 
	"PHONE" VARCHAR2(15 BYTE), 
	"SAWON_NAME" VARCHAR2(15 BYTE), 
	"POSITION" VARCHAR2(10 BYTE), 
	"EMAIL" VARCHAR2(20 BYTE), 
	"HP" VARCHAR2(20 BYTE)
   ) SEGMENT CREATION IMMEDIATE 
  PCTFREE 10 PCTUSED 40 INITRANS 1 MAXTRANS 255 
 NOCOMPRESS LOGGING
  STORAGE(INITIAL 65536 NEXT 1048576 MINEXTENTS 1 MAXEXTENTS 2147483645
  PCTINCREASE 0 FREELISTS 1 FREELIST GROUPS 1
  BUFFER_POOL DEFAULT FLASH_CACHE DEFAULT CELL_FLASH_CACHE DEFAULT)
  TABLESPACE "USERS" ;
--------------------------------------------------------
--  DDL for Table DEPT2
--------------------------------------------------------

  CREATE TABLE "PARKIB002"."DEPT2" 
   (	"DCODE" VARCHAR2(6 BYTE), 
	"DNAME" VARCHAR2(20 BYTE), 
	"PDEPT" VARCHAR2(6 BYTE), 
	"AREA" VARCHAR2(16 BYTE)
   ) SEGMENT CREATION IMMEDIATE 
  PCTFREE 10 PCTUSED 40 INITRANS 1 MAXTRANS 255 
 NOCOMPRESS LOGGING
  STORAGE(INITIAL 65536 NEXT 1048576 MINEXTENTS 1 MAXEXTENTS 2147483645
  PCTINCREASE 0 FREELISTS 1 FREELIST GROUPS 1
  BUFFER_POOL DEFAULT FLASH_CACHE DEFAULT CELL_FLASH_CACHE DEFAULT)
  TABLESPACE "USERS" ;
--------------------------------------------------------
--  DDL for Table DEPT3
--------------------------------------------------------

  CREATE TABLE "PARKIB002"."DEPT3" 
   (	"DCODE" VARCHAR2(6 BYTE), 
	"DNAME" VARCHAR2(20 BYTE), 
	"PDEPT" VARCHAR2(6 BYTE), 
	"AREA" VARCHAR2(16 BYTE)
   ) SEGMENT CREATION IMMEDIATE 
  PCTFREE 10 PCTUSED 40 INITRANS 1 MAXTRANS 255 
 NOCOMPRESS LOGGING
  STORAGE(INITIAL 65536 NEXT 1048576 MINEXTENTS 1 MAXEXTENTS 2147483645
  PCTINCREASE 0 FREELISTS 1 FREELIST GROUPS 1
  BUFFER_POOL DEFAULT FLASH_CACHE DEFAULT CELL_FLASH_CACHE DEFAULT)
  TABLESPACE "USERS" ;
--------------------------------------------------------
--  DDL for Table DML_ERR_TEST
--------------------------------------------------------

  CREATE TABLE "PARKIB002"."DML_ERR_TEST" 
   (	"NO" NUMBER, 
	"NAME" VARCHAR2(10 BYTE)
   ) SEGMENT CREATION IMMEDIATE 
  PCTFREE 10 PCTUSED 40 INITRANS 1 MAXTRANS 255 
 NOCOMPRESS LOGGING
  STORAGE(INITIAL 65536 NEXT 1048576 MINEXTENTS 1 MAXEXTENTS 2147483645
  PCTINCREASE 0 FREELISTS 1 FREELIST GROUPS 1
  BUFFER_POOL DEFAULT FLASH_CACHE DEFAULT CELL_FLASH_CACHE DEFAULT)
  TABLESPACE "USERS" ;
--------------------------------------------------------
--  DDL for Table EMP2
--------------------------------------------------------

  CREATE TABLE "PARKIB002"."EMP2" 
   (	"EMPNO" NUMBER, 
	"NAME" VARCHAR2(10 BYTE), 
	"BIRTHDAY" DATE, 
	"DEPTNO" VARCHAR2(6 BYTE), 
	"EMP_TYPE" VARCHAR2(8 BYTE), 
	"TEL" VARCHAR2(15 BYTE), 
	"HOBBY" VARCHAR2(30 BYTE), 
	"PAY" NUMBER, 
	"POSITION" VARCHAR2(8 BYTE), 
	"PEMPNO" NUMBER
   ) SEGMENT CREATION IMMEDIATE 
  PCTFREE 10 PCTUSED 40 INITRANS 1 MAXTRANS 255 
 NOCOMPRESS LOGGING
  STORAGE(INITIAL 65536 NEXT 1048576 MINEXTENTS 1 MAXEXTENTS 2147483645
  PCTINCREASE 0 FREELISTS 1 FREELIST GROUPS 1
  BUFFER_POOL DEFAULT FLASH_CACHE DEFAULT CELL_FLASH_CACHE DEFAULT)
  TABLESPACE "USERS" ;
--------------------------------------------------------
--  DDL for Table EXAM_01
--------------------------------------------------------

  CREATE TABLE "PARKIB002"."EXAM_01" 
   (	"STUDNO" NUMBER, 
	"TOTAL" NUMBER
   ) SEGMENT CREATION IMMEDIATE 
  PCTFREE 10 PCTUSED 40 INITRANS 1 MAXTRANS 255 
 NOCOMPRESS LOGGING
  STORAGE(INITIAL 65536 NEXT 1048576 MINEXTENTS 1 MAXEXTENTS 2147483645
  PCTINCREASE 0 FREELISTS 1 FREELIST GROUPS 1
  BUFFER_POOL DEFAULT FLASH_CACHE DEFAULT CELL_FLASH_CACHE DEFAULT)
  TABLESPACE "USERS" ;
--------------------------------------------------------
--  DDL for Table FOODMENU
--------------------------------------------------------

  CREATE TABLE "PARKIB002"."FOODMENU" 
   (	"FNO" NUMBER(5,0), 
	"FOOD_NAME" VARCHAR2(20 BYTE), 
	"PRICE" VARCHAR2(20 BYTE), 
	"SHOP_NAME" VARCHAR2(20 BYTE), 
	"LOC" VARCHAR2(20 BYTE)
   ) SEGMENT CREATION IMMEDIATE 
  PCTFREE 10 PCTUSED 40 INITRANS 1 MAXTRANS 255 
 NOCOMPRESS LOGGING
  STORAGE(INITIAL 65536 NEXT 1048576 MINEXTENTS 1 MAXEXTENTS 2147483645
  PCTINCREASE 0 FREELISTS 1 FREELIST GROUPS 1
  BUFFER_POOL DEFAULT FLASH_CACHE DEFAULT CELL_FLASH_CACHE DEFAULT)
  TABLESPACE "USERS" ;
--------------------------------------------------------
--  DDL for Table FOODORDER
--------------------------------------------------------

  CREATE TABLE "PARKIB002"."FOODORDER" 
   (	"IDX" NUMBER(5,0), 
	"ORDER_NAME" VARCHAR2(20 BYTE), 
	"FNO" NUMBER(5,0), 
	"ADDR" VARCHAR2(20 BYTE)
   ) SEGMENT CREATION IMMEDIATE 
  PCTFREE 10 PCTUSED 40 INITRANS 1 MAXTRANS 255 
 NOCOMPRESS LOGGING
  STORAGE(INITIAL 65536 NEXT 1048576 MINEXTENTS 1 MAXEXTENTS 2147483645
  PCTINCREASE 0 FREELISTS 1 FREELIST GROUPS 1
  BUFFER_POOL DEFAULT FLASH_CACHE DEFAULT CELL_FLASH_CACHE DEFAULT)
  TABLESPACE "USERS" ;
--------------------------------------------------------
--  DDL for Table GAIP
--------------------------------------------------------

  CREATE TABLE "PARKIB002"."GAIP" 
   (	"NUM" NUMBER(3,0), 
	"NAME" VARCHAR2(20 BYTE), 
	"AGE" VARCHAR2(20 BYTE), 
	"HP" VARCHAR2(30 BYTE), 
	"LANG" VARCHAR2(50 BYTE), 
	"BIRTH" DATE, 
	"GAIPDAY" DATE
   ) SEGMENT CREATION IMMEDIATE 
  PCTFREE 10 PCTUSED 40 INITRANS 1 MAXTRANS 255 
 NOCOMPRESS LOGGING
  STORAGE(INITIAL 65536 NEXT 1048576 MINEXTENTS 1 MAXEXTENTS 2147483645
  PCTINCREASE 0 FREELISTS 1 FREELIST GROUPS 1
  BUFFER_POOL DEFAULT FLASH_CACHE DEFAULT CELL_FLASH_CACHE DEFAULT)
  TABLESPACE "USERS" ;
--------------------------------------------------------
--  DDL for Table GIFT
--------------------------------------------------------

  CREATE TABLE "PARKIB002"."GIFT" 
   (	"GNO" NUMBER, 
	"GNAME" VARCHAR2(15 BYTE), 
	"G_START" NUMBER, 
	"G_END" NUMBER
   ) SEGMENT CREATION IMMEDIATE 
  PCTFREE 10 PCTUSED 40 INITRANS 1 MAXTRANS 255 
 NOCOMPRESS LOGGING
  STORAGE(INITIAL 65536 NEXT 1048576 MINEXTENTS 1 MAXEXTENTS 2147483645
  PCTINCREASE 0 FREELISTS 1 FREELIST GROUPS 1
  BUFFER_POOL DEFAULT FLASH_CACHE DEFAULT CELL_FLASH_CACHE DEFAULT)
  TABLESPACE "USERS" ;
--------------------------------------------------------
--  DDL for Table GOGAK
--------------------------------------------------------

  CREATE TABLE "PARKIB002"."GOGAK" 
   (	"GNO" NUMBER(8,0), 
	"GNAME" VARCHAR2(12 BYTE), 
	"JUMIN" CHAR(13 BYTE), 
	"POINT" NUMBER
   ) SEGMENT CREATION IMMEDIATE 
  PCTFREE 10 PCTUSED 40 INITRANS 1 MAXTRANS 255 
 NOCOMPRESS LOGGING
  STORAGE(INITIAL 65536 NEXT 1048576 MINEXTENTS 1 MAXEXTENTS 2147483645
  PCTINCREASE 0 FREELISTS 1 FREELIST GROUPS 1
  BUFFER_POOL DEFAULT FLASH_CACHE DEFAULT CELL_FLASH_CACHE DEFAULT)
  TABLESPACE "USERS" ;
--------------------------------------------------------
--  DDL for Table HAKJUM
--------------------------------------------------------

  CREATE TABLE "PARKIB002"."HAKJUM" 
   (	"GRADE" CHAR(3 BYTE), 
	"MIN_POINT" NUMBER, 
	"MAX_POINT" NUMBER
   ) SEGMENT CREATION IMMEDIATE 
  PCTFREE 10 PCTUSED 40 INITRANS 1 MAXTRANS 255 
 NOCOMPRESS LOGGING
  STORAGE(INITIAL 65536 NEXT 1048576 MINEXTENTS 1 MAXEXTENTS 2147483645
  PCTINCREASE 0 FREELISTS 1 FREELIST GROUPS 1
  BUFFER_POOL DEFAULT FLASH_CACHE DEFAULT CELL_FLASH_CACHE DEFAULT)
  TABLESPACE "USERS" ;
--------------------------------------------------------
--  DDL for Table HELLOJSP
--------------------------------------------------------

  CREATE TABLE "PARKIB002"."HELLOJSP" 
   (	"NUM" NUMBER(5,0), 
	"NAME" VARCHAR2(20 BYTE), 
	"ADDR" VARCHAR2(30 BYTE), 
	"HP" VARCHAR2(30 BYTE), 
	"CURDATE" DATE
   ) SEGMENT CREATION IMMEDIATE 
  PCTFREE 10 PCTUSED 40 INITRANS 1 MAXTRANS 255 
 NOCOMPRESS LOGGING
  STORAGE(INITIAL 65536 NEXT 1048576 MINEXTENTS 1 MAXEXTENTS 2147483645
  PCTINCREASE 0 FREELISTS 1 FREELIST GROUPS 1
  BUFFER_POOL DEFAULT FLASH_CACHE DEFAULT CELL_FLASH_CACHE DEFAULT)
  TABLESPACE "USERS" ;
--------------------------------------------------------
--  DDL for Table INFO
--------------------------------------------------------

  CREATE TABLE "PARKIB002"."INFO" 
   (	"NUM" NUMBER(3,0), 
	"NAME" VARCHAR2(20 BYTE), 
	"HP" VARCHAR2(30 BYTE), 
	"AGE" NUMBER(3,0), 
	"PHOTO" VARCHAR2(100 BYTE)
   ) SEGMENT CREATION IMMEDIATE 
  PCTFREE 10 PCTUSED 40 INITRANS 1 MAXTRANS 255 
 NOCOMPRESS LOGGING
  STORAGE(INITIAL 65536 NEXT 1048576 MINEXTENTS 1 MAXEXTENTS 2147483645
  PCTINCREASE 0 FREELISTS 1 FREELIST GROUPS 1
  BUFFER_POOL DEFAULT FLASH_CACHE DEFAULT CELL_FLASH_CACHE DEFAULT)
  TABLESPACE "USERS" ;
--------------------------------------------------------
--  DDL for Table INFO2
--------------------------------------------------------

  CREATE TABLE "PARKIB002"."INFO2" 
   (	"NUM" NUMBER(5,0), 
	"NAME" VARCHAR2(20 BYTE), 
	"JOB" VARCHAR2(30 BYTE), 
	"GENDER" VARCHAR2(10 BYTE), 
	"AGE" NUMBER(5,0), 
	"HANDPHONE" VARCHAR2(20 BYTE), 
	"IPSADAY" DATE, 
	"ADDR" VARCHAR2(30 BYTE)
   ) SEGMENT CREATION IMMEDIATE 
  PCTFREE 10 PCTUSED 40 INITRANS 1 MAXTRANS 255 
 NOCOMPRESS LOGGING
  STORAGE(INITIAL 65536 NEXT 1048576 MINEXTENTS 1 MAXEXTENTS 2147483645
  PCTINCREASE 0 FREELISTS 1 FREELIST GROUPS 1
  BUFFER_POOL DEFAULT FLASH_CACHE DEFAULT CELL_FLASH_CACHE DEFAULT)
  TABLESPACE "USERS" ;
--------------------------------------------------------
--  DDL for Table MEMBER
--------------------------------------------------------

  CREATE TABLE "PARKIB002"."MEMBER" 
   (	"NO" NUMBER(4,0), 
	"NAME" VARCHAR2(10 BYTE), 
	"JUMIN" CHAR(13 BYTE), 
	"PASSWD" VARCHAR2(10 BYTE), 
	"ID" VARCHAR2(15 BYTE), 
	"AN_KEY" VARCHAR2(15 BYTE), 
	"AN_KEY_DAP" VARCHAR2(20 BYTE)
   ) SEGMENT CREATION IMMEDIATE 
  PCTFREE 10 PCTUSED 40 INITRANS 1 MAXTRANS 255 
 NOCOMPRESS LOGGING
  STORAGE(INITIAL 65536 NEXT 1048576 MINEXTENTS 1 MAXEXTENTS 2147483645
  PCTINCREASE 0 FREELISTS 1 FREELIST GROUPS 1
  BUFFER_POOL DEFAULT FLASH_CACHE DEFAULT CELL_FLASH_CACHE DEFAULT)
  TABLESPACE "USERS" ;
--------------------------------------------------------
--  DDL for Table MYMALL
--------------------------------------------------------

  CREATE TABLE "PARKIB002"."MYMALL" 
   (	"NUM" NUMBER(3,0), 
	"SANGPUM" VARCHAR2(30 BYTE), 
	"COLOR" VARCHAR2(20 BYTE), 
	"PRICE" NUMBER(10,0), 
	"IMAGENAME" VARCHAR2(100 BYTE)
   ) SEGMENT CREATION IMMEDIATE 
  PCTFREE 10 PCTUSED 40 INITRANS 1 MAXTRANS 255 
 NOCOMPRESS LOGGING
  STORAGE(INITIAL 65536 NEXT 1048576 MINEXTENTS 1 MAXEXTENTS 2147483645
  PCTINCREASE 0 FREELISTS 1 FREELIST GROUPS 1
  BUFFER_POOL DEFAULT FLASH_CACHE DEFAULT CELL_FLASH_CACHE DEFAULT)
  TABLESPACE "USERS" ;
--------------------------------------------------------
--  DDL for Table MYSHOP
--------------------------------------------------------

  CREATE TABLE "PARKIB002"."MYSHOP" 
   (	"NUM" NUMBER(5,0), 
	"SANGPUM" VARCHAR2(30 BYTE), 
	"SU" NUMBER(10,0), 
	"PRICE" NUMBER(10,0), 
	"SI" VARCHAR2(30 BYTE), 
	"IPGODAY" DATE
   ) SEGMENT CREATION IMMEDIATE 
  PCTFREE 10 PCTUSED 40 INITRANS 1 MAXTRANS 255 
 NOCOMPRESS LOGGING
  STORAGE(INITIAL 65536 NEXT 1048576 MINEXTENTS 1 MAXEXTENTS 2147483645
  PCTINCREASE 0 FREELISTS 1 FREELIST GROUPS 1
  BUFFER_POOL DEFAULT FLASH_CACHE DEFAULT CELL_FLASH_CACHE DEFAULT)
  TABLESPACE "USERS" ;
--------------------------------------------------------
--  DDL for Table PANMAE
--------------------------------------------------------

  CREATE TABLE "PARKIB002"."PANMAE" 
   (	"P_DATE" VARCHAR2(8 BYTE), 
	"P_CODE" NUMBER, 
	"P_QTY" NUMBER, 
	"P_TOTAL" NUMBER, 
	"P_STORE" VARCHAR2(5 BYTE)
   ) SEGMENT CREATION IMMEDIATE 
  PCTFREE 10 PCTUSED 40 INITRANS 1 MAXTRANS 255 
 NOCOMPRESS LOGGING
  STORAGE(INITIAL 65536 NEXT 1048576 MINEXTENTS 1 MAXEXTENTS 2147483645
  PCTINCREASE 0 FREELISTS 1 FREELIST GROUPS 1
  BUFFER_POOL DEFAULT FLASH_CACHE DEFAULT CELL_FLASH_CACHE DEFAULT)
  TABLESPACE "USERS" ;
--------------------------------------------------------
--  DDL for Table PRODUCT
--------------------------------------------------------

  CREATE TABLE "PARKIB002"."PRODUCT" 
   (	"P_CODE" NUMBER(3,0), 
	"P_NAME" VARCHAR2(20 BYTE), 
	"P_PRICE" NUMBER
   ) SEGMENT CREATION IMMEDIATE 
  PCTFREE 10 PCTUSED 40 INITRANS 1 MAXTRANS 255 
 NOCOMPRESS LOGGING
  STORAGE(INITIAL 65536 NEXT 1048576 MINEXTENTS 1 MAXEXTENTS 2147483645
  PCTINCREASE 0 FREELISTS 1 FREELIST GROUPS 1
  BUFFER_POOL DEFAULT FLASH_CACHE DEFAULT CELL_FLASH_CACHE DEFAULT)
  TABLESPACE "USERS" ;
--------------------------------------------------------
--  DDL for Table PROFESSOR
--------------------------------------------------------

  CREATE TABLE "PARKIB002"."PROFESSOR" 
   (	"PROFNO" NUMBER(4,0), 
	"NAME" VARCHAR2(10 BYTE), 
	"ID" VARCHAR2(15 BYTE), 
	"POSITION" VARCHAR2(10 BYTE), 
	"PAY" NUMBER(3,0), 
	"HIREDATE" DATE, 
	"BONUS" NUMBER(4,0), 
	"DEPTNO" NUMBER(3,0), 
	"EMAIL" VARCHAR2(50 BYTE), 
	"HPAGE" VARCHAR2(50 BYTE)
   ) SEGMENT CREATION IMMEDIATE 
  PCTFREE 10 PCTUSED 40 INITRANS 1 MAXTRANS 255 
 NOCOMPRESS LOGGING
  STORAGE(INITIAL 65536 NEXT 1048576 MINEXTENTS 1 MAXEXTENTS 2147483645
  PCTINCREASE 0 FREELISTS 1 FREELIST GROUPS 1
  BUFFER_POOL DEFAULT FLASH_CACHE DEFAULT CELL_FLASH_CACHE DEFAULT)
  TABLESPACE "USERS" ;
--------------------------------------------------------
--  DDL for Table PT_01
--------------------------------------------------------

  CREATE TABLE "PARKIB002"."PT_01" 
   (	"판매번호" VARCHAR2(8 BYTE), 
	"제품번호" CHAR(4 BYTE), 
	"수량" NUMBER, 
	"금액" NUMBER
   ) SEGMENT CREATION IMMEDIATE 
  PCTFREE 10 PCTUSED 40 INITRANS 1 MAXTRANS 255 
 NOCOMPRESS LOGGING
  STORAGE(INITIAL 65536 NEXT 1048576 MINEXTENTS 1 MAXEXTENTS 2147483645
  PCTINCREASE 0 FREELISTS 1 FREELIST GROUPS 1
  BUFFER_POOL DEFAULT FLASH_CACHE DEFAULT CELL_FLASH_CACHE DEFAULT)
  TABLESPACE "USERS" ;
--------------------------------------------------------
--  DDL for Table PT_02
--------------------------------------------------------

  CREATE TABLE "PARKIB002"."PT_02" 
   (	"판매번호" VARCHAR2(8 BYTE), 
	"제품번호" CHAR(4 BYTE), 
	"수량" NUMBER, 
	"금액" NUMBER
   ) SEGMENT CREATION IMMEDIATE 
  PCTFREE 10 PCTUSED 40 INITRANS 1 MAXTRANS 255 
 NOCOMPRESS LOGGING
  STORAGE(INITIAL 65536 NEXT 1048576 MINEXTENTS 1 MAXEXTENTS 2147483645
  PCTINCREASE 0 FREELISTS 1 FREELIST GROUPS 1
  BUFFER_POOL DEFAULT FLASH_CACHE DEFAULT CELL_FLASH_CACHE DEFAULT)
  TABLESPACE "USERS" ;
--------------------------------------------------------
--  DDL for Table P_01
--------------------------------------------------------

  CREATE TABLE "PARKIB002"."P_01" 
   (	"NO" NUMBER, 
	"NAME" VARCHAR2(10 BYTE)
   ) SEGMENT CREATION DEFERRED 
  PCTFREE 10 PCTUSED 40 INITRANS 1 MAXTRANS 255 
 NOCOMPRESS LOGGING
  TABLESPACE "USERS" ;
--------------------------------------------------------
--  DDL for Table P_02
--------------------------------------------------------

  CREATE TABLE "PARKIB002"."P_02" 
   (	"NO" NUMBER, 
	"NAME" VARCHAR2(10 BYTE)
   ) SEGMENT CREATION DEFERRED 
  PCTFREE 10 PCTUSED 40 INITRANS 1 MAXTRANS 255 
 NOCOMPRESS LOGGING
  TABLESPACE "USERS" ;
--------------------------------------------------------
--  DDL for Table P_GRADE
--------------------------------------------------------

  CREATE TABLE "PARKIB002"."P_GRADE" 
   (	"POSITION" VARCHAR2(10 BYTE), 
	"S_AGE" NUMBER, 
	"E_AGE" NUMBER, 
	"S_YEAR" NUMBER, 
	"E_YEAR" NUMBER, 
	"S_PAY" NUMBER, 
	"E_PAY" NUMBER
   ) SEGMENT CREATION IMMEDIATE 
  PCTFREE 10 PCTUSED 40 INITRANS 1 MAXTRANS 255 
 NOCOMPRESS LOGGING
  STORAGE(INITIAL 65536 NEXT 1048576 MINEXTENTS 1 MAXEXTENTS 2147483645
  PCTINCREASE 0 FREELISTS 1 FREELIST GROUPS 1
  BUFFER_POOL DEFAULT FLASH_CACHE DEFAULT CELL_FLASH_CACHE DEFAULT)
  TABLESPACE "USERS" ;
--------------------------------------------------------
--  DDL for Table P_TOTAL
--------------------------------------------------------

  CREATE TABLE "PARKIB002"."P_TOTAL" 
   (	"판매번호" VARCHAR2(8 BYTE), 
	"제품번호" CHAR(4 BYTE), 
	"수량" NUMBER, 
	"금액" NUMBER
   ) SEGMENT CREATION DEFERRED 
  PCTFREE 10 PCTUSED 40 INITRANS 1 MAXTRANS 255 
 NOCOMPRESS LOGGING
  TABLESPACE "USERS" ;
--------------------------------------------------------
--  DDL for Table REG_TEST
--------------------------------------------------------

  CREATE TABLE "PARKIB002"."REG_TEST" 
   (	"TEXT" VARCHAR2(10 BYTE)
   ) SEGMENT CREATION IMMEDIATE 
  PCTFREE 10 PCTUSED 40 INITRANS 1 MAXTRANS 255 
 NOCOMPRESS LOGGING
  STORAGE(INITIAL 65536 NEXT 1048576 MINEXTENTS 1 MAXEXTENTS 2147483645
  PCTINCREASE 0 FREELISTS 1 FREELIST GROUPS 1
  BUFFER_POOL DEFAULT FLASH_CACHE DEFAULT CELL_FLASH_CACHE DEFAULT)
  TABLESPACE "USERS" ;
--------------------------------------------------------
--  DDL for Table SAWON
--------------------------------------------------------

  CREATE TABLE "PARKIB002"."SAWON" 
   (	"NUM" NUMBER(5,0), 
	"NAME" VARCHAR2(20 BYTE), 
	"GENDER" VARCHAR2(20 BYTE), 
	"BUSEO" VARCHAR2(20 BYTE), 
	"PAY" NUMBER(10,0) DEFAULT 1200000
   ) SEGMENT CREATION IMMEDIATE 
  PCTFREE 10 PCTUSED 40 INITRANS 1 MAXTRANS 255 
 NOCOMPRESS LOGGING
  STORAGE(INITIAL 65536 NEXT 1048576 MINEXTENTS 1 MAXEXTENTS 2147483645
  PCTINCREASE 0 FREELISTS 1 FREELIST GROUPS 1
  BUFFER_POOL DEFAULT FLASH_CACHE DEFAULT CELL_FLASH_CACHE DEFAULT)
  TABLESPACE "USERS" ;
--------------------------------------------------------
--  DDL for Table SAWON2
--------------------------------------------------------

  CREATE TABLE "PARKIB002"."SAWON2" 
   (	"COMPANY_ID" NUMBER(5,0), 
	"SAWON_NAME" VARCHAR2(20 BYTE), 
	"POSITION2" VARCHAR2(20 BYTE), 
	"EMAIL" VARCHAR2(20 BYTE), 
	"HP" VARCHAR2(20 BYTE)
   ) SEGMENT CREATION DEFERRED 
  PCTFREE 10 PCTUSED 40 INITRANS 1 MAXTRANS 255 
 NOCOMPRESS LOGGING
  TABLESPACE "USERS" ;
--------------------------------------------------------
--  DDL for Table SHOP
--------------------------------------------------------

  CREATE TABLE "PARKIB002"."SHOP" 
   (	"NUM" NUMBER(5,0), 
	"SANGPUM" VARCHAR2(30 BYTE), 
	"COLOR" VARCHAR2(20 BYTE)
   ) SEGMENT CREATION IMMEDIATE 
  PCTFREE 10 PCTUSED 40 INITRANS 1 MAXTRANS 255 
 NOCOMPRESS LOGGING
  STORAGE(INITIAL 65536 NEXT 1048576 MINEXTENTS 1 MAXEXTENTS 2147483645
  PCTINCREASE 0 FREELISTS 1 FREELIST GROUPS 1
  BUFFER_POOL DEFAULT FLASH_CACHE DEFAULT CELL_FLASH_CACHE DEFAULT)
  TABLESPACE "USERS" ;
--------------------------------------------------------
--  DDL for Table STUDENT
--------------------------------------------------------

  CREATE TABLE "PARKIB002"."STUDENT" 
   (	"STUDNO" NUMBER(4,0), 
	"NAME" VARCHAR2(10 BYTE), 
	"ID" VARCHAR2(20 BYTE), 
	"GRADE" NUMBER, 
	"JUMIN" CHAR(13 BYTE), 
	"BIRTHDAY" DATE, 
	"TEL" VARCHAR2(15 BYTE), 
	"HEIGHT" NUMBER(4,0), 
	"WEIGHT" NUMBER(3,0), 
	"DEPTNO1" NUMBER(3,0), 
	"DEPTNO2" NUMBER(3,0), 
	"PROFNO" NUMBER(4,0)
   ) SEGMENT CREATION IMMEDIATE 
  PCTFREE 10 PCTUSED 40 INITRANS 1 MAXTRANS 255 
 NOCOMPRESS LOGGING
  STORAGE(INITIAL 65536 NEXT 1048576 MINEXTENTS 1 MAXEXTENTS 2147483645
  PCTINCREASE 0 FREELISTS 1 FREELIST GROUPS 1
  BUFFER_POOL DEFAULT FLASH_CACHE DEFAULT CELL_FLASH_CACHE DEFAULT)
  TABLESPACE "USERS" ;
--------------------------------------------------------
--  DDL for Table TEST_ENABLE
--------------------------------------------------------

  CREATE TABLE "PARKIB002"."TEST_ENABLE" 
   (	"NO" NUMBER, 
	"NAME" VARCHAR2(10 BYTE)
   ) SEGMENT CREATION DEFERRED 
  PCTFREE 10 PCTUSED 40 INITRANS 1 MAXTRANS 255 
 NOCOMPRESS LOGGING
  TABLESPACE "USERS" ;
--------------------------------------------------------
--  DDL for Table TEST_NOVALIDATE
--------------------------------------------------------

  CREATE TABLE "PARKIB002"."TEST_NOVALIDATE" 
   (	"NO" NUMBER, 
	"NAME" VARCHAR2(10 BYTE)
   ) SEGMENT CREATION IMMEDIATE 
  PCTFREE 10 PCTUSED 40 INITRANS 1 MAXTRANS 255 
 NOCOMPRESS LOGGING
  STORAGE(INITIAL 65536 NEXT 1048576 MINEXTENTS 1 MAXEXTENTS 2147483645
  PCTINCREASE 0 FREELISTS 1 FREELIST GROUPS 1
  BUFFER_POOL DEFAULT FLASH_CACHE DEFAULT CELL_FLASH_CACHE DEFAULT)
  TABLESPACE "USERS" ;
--------------------------------------------------------
--  DDL for Table TEST_VALIDATE
--------------------------------------------------------

  CREATE TABLE "PARKIB002"."TEST_VALIDATE" 
   (	"NO" NUMBER, 
	"NAME" VARCHAR2(10 BYTE)
   ) SEGMENT CREATION IMMEDIATE 
  PCTFREE 10 PCTUSED 40 INITRANS 1 MAXTRANS 255 
 NOCOMPRESS LOGGING
  STORAGE(INITIAL 65536 NEXT 1048576 MINEXTENTS 1 MAXEXTENTS 2147483645
  PCTINCREASE 0 FREELISTS 1 FREELIST GROUPS 1
  BUFFER_POOL DEFAULT FLASH_CACHE DEFAULT CELL_FLASH_CACHE DEFAULT)
  TABLESPACE "USERS" ;
--------------------------------------------------------
--  DDL for Table YOGIYO
--------------------------------------------------------

  CREATE TABLE "PARKIB002"."YOGIYO" 
   (	"FOOD_NO" NUMBER(5,0), 
	"FOOD_NAME" VARCHAR2(20 BYTE), 
	"FOOD_PHOTO" VARCHAR2(100 BYTE), 
	"PRICE" NUMBER(20,0), 
	"CNT" NUMBER(20,0)
   ) SEGMENT CREATION IMMEDIATE 
  PCTFREE 10 PCTUSED 40 INITRANS 1 MAXTRANS 255 
 NOCOMPRESS LOGGING
  STORAGE(INITIAL 65536 NEXT 1048576 MINEXTENTS 1 MAXEXTENTS 2147483645
  PCTINCREASE 0 FREELISTS 1 FREELIST GROUPS 1
  BUFFER_POOL DEFAULT FLASH_CACHE DEFAULT CELL_FLASH_CACHE DEFAULT)
  TABLESPACE "USERS" ;
REM INSERTING into PARKIB002.AJAXMEMO
SET DEFINE OFF;
Insert into PARKIB002.AJAXMEMO (NUM,WRITER,CONTENT,EMOT,WRITEDAY) values (84,'홍길동','집 가고 싶다.............................','../image/avata/b6.png',to_date('25/04/28','RR/MM/DD'));
Insert into PARKIB002.AJAXMEMO (NUM,WRITER,CONTENT,EMOT,WRITEDAY) values (85,'손흥민','유로파 우승하고 싶다................................','../image/avata/b2.png',to_date('25/04/28','RR/MM/DD'));
Insert into PARKIB002.AJAXMEMO (NUM,WRITER,CONTENT,EMOT,WRITEDAY) values (86,'박창배','집 가서 뭐할까','../image/avata/b8.png',to_date('25/04/28','RR/MM/DD'));
Insert into PARKIB002.AJAXMEMO (NUM,WRITER,CONTENT,EMOT,WRITEDAY) values (87,'유재석','안녕하세요~~','../image/avata/b3.png',to_date('25/04/28','RR/MM/DD'));
REM INSERTING into PARKIB002.ANSWER
SET DEFINE OFF;
Insert into PARKIB002.ANSWER (NUM,BNO,NICKNAME,CONTENT) values (6,4,'먹방찍자','오늘은 초밥 먹는 날');
Insert into PARKIB002.ANSWER (NUM,BNO,NICKNAME,CONTENT) values (7,1,'병아리','반가워요 저도 오늘 가입중');
Insert into PARKIB002.ANSWER (NUM,BNO,NICKNAME,CONTENT) values (8,3,'나대지마라','오늘도 열심히');
Insert into PARKIB002.ANSWER (NUM,BNO,NICKNAME,CONTENT) values (9,1,'누나','반가워요~~');
Insert into PARKIB002.ANSWER (NUM,BNO,NICKNAME,CONTENT) values (10,5,'나나','그쵸~~헤어날 수가 없어요');
Insert into PARKIB002.ANSWER (NUM,BNO,NICKNAME,CONTENT) values (11,5,'도도','이낙에 삽니다');
REM INSERTING into PARKIB002.BOARD
SET DEFINE OFF;
Insert into PARKIB002.BOARD (BNO,WRITER,SUBJECT,WRITEDAY) values (1,'오늘도 열심히','안녕하세요 오늘 가입했어요',to_date('25/03/19','RR/MM/DD'));
Insert into PARKIB002.BOARD (BNO,WRITER,SUBJECT,WRITEDAY) values (2,'둘리','오늘 날씨 왜이래요',to_date('25/03/19','RR/MM/DD'));
Insert into PARKIB002.BOARD (BNO,WRITER,SUBJECT,WRITEDAY) values (3,'해리포터','오늘 일어나기가 싫어요',to_date('25/03/19','RR/MM/DD'));
Insert into PARKIB002.BOARD (BNO,WRITER,SUBJECT,WRITEDAY) values (4,'앤','점심 머먹지?',to_date('25/03/19','RR/MM/DD'));
Insert into PARKIB002.BOARD (BNO,WRITER,SUBJECT,WRITEDAY) values (5,'길동이','여기 진짜 볼거 많네요',to_date('25/03/19','RR/MM/DD'));
Insert into PARKIB002.BOARD (BNO,WRITER,SUBJECT,WRITEDAY) values (12,'캔디','오늘 합격 기다립니다',to_date('25/03/19','RR/MM/DD'));
REM INSERTING into PARKIB002.BOOKING
SET DEFINE OFF;
Insert into PARKIB002.BOOKING (NUM,NAME,GENDER,BOOKDAY,INWON,FOODPHOTO,FOODPRICE,MESSAGE,WRITEDAY) values (146,'김연아','f','2025-04-18T15:49',4,'../image/booking/갈비찜.jpg,../image/booking/꼬치구이.jpg,../image/booking/콘치즈.jpg','23000,18000,23000','잘 부탁드려요~~~!!',to_date('25/04/30','RR/MM/DD'));
Insert into PARKIB002.BOOKING (NUM,NAME,GENDER,BOOKDAY,INWON,FOODPHOTO,FOODPRICE,MESSAGE,WRITEDAY) values (144,'호날두','m','2025-05-10T13:14',6,'../image/booking/갈비찜.jpg,../image/booking/꼬치구이.jpg,../image/booking/순두부라면.jpg,../image/booking/오므라이스.jpg,../image/booking/콘치즈.jpg','23000,18000,23000,23000,23000','siu~~~~~~~~~~~',to_date('25/04/30','RR/MM/DD'));
Insert into PARKIB002.BOOKING (NUM,NAME,GENDER,BOOKDAY,INWON,FOODPHOTO,FOODPRICE,MESSAGE,WRITEDAY) values (145,'손흥민','m','2025-04-03T15:49',4,'../image/booking/꼬치구이.jpg,../image/booking/순두부라면.jpg','18000,23000','기대돼요~~~~',to_date('25/04/30','RR/MM/DD'));
Insert into PARKIB002.BOOKING (NUM,NAME,GENDER,BOOKDAY,INWON,FOODPHOTO,FOODPRICE,MESSAGE,WRITEDAY) values (148,'김민정','f','2025-04-03T15:55',4,'../image/booking/순두부라면.jpg,../image/booking/콘치즈.jpg','23000,23000','ㅎㅇ',to_date('25/04/30','RR/MM/DD'));
REM INSERTING into PARKIB002.CART1
SET DEFINE OFF;
Insert into PARKIB002.CART1 (IDX,NUM,CNT,GUIPDAY) values (11,1,2,to_date('25/03/18','RR/MM/DD'));
Insert into PARKIB002.CART1 (IDX,NUM,CNT,GUIPDAY) values (12,5,1,to_date('25/03/18','RR/MM/DD'));
Insert into PARKIB002.CART1 (IDX,NUM,CNT,GUIPDAY) values (15,2,2,to_date('25/03/18','RR/MM/DD'));
Insert into PARKIB002.CART1 (IDX,NUM,CNT,GUIPDAY) values (16,1,2,to_date('25/03/18','RR/MM/DD'));
Insert into PARKIB002.CART1 (IDX,NUM,CNT,GUIPDAY) values (17,5,3,to_date('25/03/18','RR/MM/DD'));
REM INSERTING into PARKIB002.CART2
SET DEFINE OFF;
Insert into PARKIB002.CART2 (IDX,NUM,CNT,GUIPDAY) values (14,2,4,to_date('25/03/18','RR/MM/DD'));
Insert into PARKIB002.CART2 (IDX,NUM,CNT,GUIPDAY) values (18,2,1,to_date('25/03/18','RR/MM/DD'));
Insert into PARKIB002.CART2 (IDX,NUM,CNT,GUIPDAY) values (19,1,2,to_date('25/03/18','RR/MM/DD'));
Insert into PARKIB002.CART2 (IDX,NUM,CNT,GUIPDAY) values (20,5,3,to_date('25/03/18','RR/MM/DD'));
Insert into PARKIB002.CART2 (IDX,NUM,CNT,GUIPDAY) values (21,2,1,to_date('25/03/18','RR/MM/DD'));
Insert into PARKIB002.CART2 (IDX,NUM,CNT,GUIPDAY) values (22,2,6,to_date('25/03/18','RR/MM/DD'));
Insert into PARKIB002.CART2 (IDX,NUM,CNT,GUIPDAY) values (23,1,5,to_date('25/03/18','RR/MM/DD'));
REM INSERTING into PARKIB002.COMPANY
SET DEFINE OFF;
Insert into PARKIB002.COMPANY (COMPANY_ID,COMPANY,ADDRESS,PHONE) values (10,'KT','경기도 분당구','02-777-8888');
Insert into PARKIB002.COMPANY (COMPANY_ID,COMPANY,ADDRESS,PHONE) values (20,'LG','서울시 을지로','02-111-2222');
Insert into PARKIB002.COMPANY (COMPANY_ID,COMPANY,ADDRESS,PHONE) values (30,'삼성','경기도 용인시','02-333-4444');
REM INSERTING into PARKIB002.COMPANYSAWON
SET DEFINE OFF;
Insert into PARKIB002.COMPANYSAWON (COMPANY,ADDRESS,PHONE,SAWON_NAME,POSITION,EMAIL,HP) values ('LG','서울시 강남구','02-124-5555','홍길동','사원','hkd@gmail.com','010-222-3333');
Insert into PARKIB002.COMPANYSAWON (COMPANY,ADDRESS,PHONE,SAWON_NAME,POSITION,EMAIL,HP) values ('KT','서울시 역삼동','02-258-9999','김선동','대리','kkk@gmail.com','010-111-5555');
REM INSERTING into PARKIB002.DEPT2
SET DEFINE OFF;
Insert into PARKIB002.DEPT2 (DCODE,DNAME,PDEPT,AREA) values ('0001','사장실',null,'포항본사');
Insert into PARKIB002.DEPT2 (DCODE,DNAME,PDEPT,AREA) values ('1000','경영지원부','0001','서울지사');
Insert into PARKIB002.DEPT2 (DCODE,DNAME,PDEPT,AREA) values ('1010','영업3팀','1007','서울지사');
Insert into PARKIB002.DEPT2 (DCODE,DNAME,PDEPT,AREA) values ('1011','영업4팀','1007','울산지사');
REM INSERTING into PARKIB002.DEPT3
SET DEFINE OFF;
Insert into PARKIB002.DEPT3 (DCODE,DNAME,PDEPT,AREA) values ('0001','사장실',null,'포항본사');
Insert into PARKIB002.DEPT3 (DCODE,DNAME,PDEPT,AREA) values ('1000','경영지원부','0001','서울지사');
Insert into PARKIB002.DEPT3 (DCODE,DNAME,PDEPT,AREA) values ('1010','영업3팀','1007','서울지사');
Insert into PARKIB002.DEPT3 (DCODE,DNAME,PDEPT,AREA) values ('1011','영업4팀','1007','울산지사');
REM INSERTING into PARKIB002.DML_ERR_TEST
SET DEFINE OFF;
Insert into PARKIB002.DML_ERR_TEST (NO,NAME) values (1,'AAA');
Insert into PARKIB002.DML_ERR_TEST (NO,NAME) values (2,'BBB');
REM INSERTING into PARKIB002.EMP2
SET DEFINE OFF;
REM INSERTING into PARKIB002.EXAM_01
SET DEFINE OFF;
Insert into PARKIB002.EXAM_01 (STUDNO,TOTAL) values (9411,97);
Insert into PARKIB002.EXAM_01 (STUDNO,TOTAL) values (9412,78);
Insert into PARKIB002.EXAM_01 (STUDNO,TOTAL) values (9413,83);
Insert into PARKIB002.EXAM_01 (STUDNO,TOTAL) values (9414,62);
Insert into PARKIB002.EXAM_01 (STUDNO,TOTAL) values (9415,88);
Insert into PARKIB002.EXAM_01 (STUDNO,TOTAL) values (9511,92);
Insert into PARKIB002.EXAM_01 (STUDNO,TOTAL) values (9512,87);
Insert into PARKIB002.EXAM_01 (STUDNO,TOTAL) values (9513,81);
Insert into PARKIB002.EXAM_01 (STUDNO,TOTAL) values (9514,79);
Insert into PARKIB002.EXAM_01 (STUDNO,TOTAL) values (9515,95);
Insert into PARKIB002.EXAM_01 (STUDNO,TOTAL) values (9611,89);
Insert into PARKIB002.EXAM_01 (STUDNO,TOTAL) values (9612,77);
Insert into PARKIB002.EXAM_01 (STUDNO,TOTAL) values (9613,86);
Insert into PARKIB002.EXAM_01 (STUDNO,TOTAL) values (9614,82);
Insert into PARKIB002.EXAM_01 (STUDNO,TOTAL) values (9615,87);
Insert into PARKIB002.EXAM_01 (STUDNO,TOTAL) values (9711,91);
Insert into PARKIB002.EXAM_01 (STUDNO,TOTAL) values (9712,88);
Insert into PARKIB002.EXAM_01 (STUDNO,TOTAL) values (9713,82);
Insert into PARKIB002.EXAM_01 (STUDNO,TOTAL) values (9714,83);
Insert into PARKIB002.EXAM_01 (STUDNO,TOTAL) values (9715,84);
REM INSERTING into PARKIB002.FOODMENU
SET DEFINE OFF;
Insert into PARKIB002.FOODMENU (FNO,FOOD_NAME,PRICE,SHOP_NAME,LOC) values (1,'파스타','12000','쏘렌토','서울시 강남구');
Insert into PARKIB002.FOODMENU (FNO,FOOD_NAME,PRICE,SHOP_NAME,LOC) values (4,'짜장면','8000','카니발','서울시 역삼동');
Insert into PARKIB002.FOODMENU (FNO,FOOD_NAME,PRICE,SHOP_NAME,LOC) values (7,'치킨','20000','쏘나타','경기도 용인시');
Insert into PARKIB002.FOODMENU (FNO,FOOD_NAME,PRICE,SHOP_NAME,LOC) values (10,'초밥','15000','렉서스','부산시 사하구');
Insert into PARKIB002.FOODMENU (FNO,FOOD_NAME,PRICE,SHOP_NAME,LOC) values (13,'김밥','3000','아반떼','서울시 강서구');
REM INSERTING into PARKIB002.FOODORDER
SET DEFINE OFF;
Insert into PARKIB002.FOODORDER (IDX,ORDER_NAME,FNO,ADDR) values (1,'홍길동',4,'서울시 강남구');
Insert into PARKIB002.FOODORDER (IDX,ORDER_NAME,FNO,ADDR) values (2,'손흥민',7,'경기도 성남시');
Insert into PARKIB002.FOODORDER (IDX,ORDER_NAME,FNO,ADDR) values (3,'김민재',13,'서울시 동작구');
Insert into PARKIB002.FOODORDER (IDX,ORDER_NAME,FNO,ADDR) values (4,'이강인',1,'서울시 역삼동');
Insert into PARKIB002.FOODORDER (IDX,ORDER_NAME,FNO,ADDR) values (5,'황희찬',10,'부산시 금정구');
Insert into PARKIB002.FOODORDER (IDX,ORDER_NAME,FNO,ADDR) values (6,'이재성',4,'서울시 강서구');
Insert into PARKIB002.FOODORDER (IDX,ORDER_NAME,FNO,ADDR) values (7,'황인범',13,'경기도 수원시');
REM INSERTING into PARKIB002.GAIP
SET DEFINE OFF;
Insert into PARKIB002.GAIP (NUM,NAME,AGE,HP,LANG,BIRTH,GAIPDAY) values (107,'손흥민','30','010-1234-1234','영어,중국어',to_date('00/01/01','RR/MM/DD'),to_date('25/04/29','RR/MM/DD'));
Insert into PARKIB002.GAIP (NUM,NAME,AGE,HP,LANG,BIRTH,GAIPDAY) values (116,'호날두','40','010-1234-4321','영어,중국어,스페인어',to_date('02/06/01','RR/MM/DD'),to_date('25/04/29','RR/MM/DD'));
Insert into PARKIB002.GAIP (NUM,NAME,AGE,HP,LANG,BIRTH,GAIPDAY) values (117,'이강인','20','010-5555-6666','영어,스페인어',to_date('01/10/31','RR/MM/DD'),to_date('25/04/29','RR/MM/DD'));
Insert into PARKIB002.GAIP (NUM,NAME,AGE,HP,LANG,BIRTH,GAIPDAY) values (88,'박창배','10','010-6651-4771','영어',to_date('00/10/02','RR/MM/DD'),to_date('25/04/29','RR/MM/DD'));
Insert into PARKIB002.GAIP (NUM,NAME,AGE,HP,LANG,BIRTH,GAIPDAY) values (115,'김희찬','50','010-1232-1233','no',to_date('00/01/01','RR/MM/DD'),to_date('25/04/29','RR/MM/DD'));
REM INSERTING into PARKIB002.GIFT
SET DEFINE OFF;
Insert into PARKIB002.GIFT (GNO,GNAME,G_START,G_END) values (1,'참치세트',1,100000);
Insert into PARKIB002.GIFT (GNO,GNAME,G_START,G_END) values (2,'샴푸세트',100001,200000);
Insert into PARKIB002.GIFT (GNO,GNAME,G_START,G_END) values (6,'LCD모니터',500001,600000);
Insert into PARKIB002.GIFT (GNO,GNAME,G_START,G_END) values (7,'노트북',600001,700000);
Insert into PARKIB002.GIFT (GNO,GNAME,G_START,G_END) values (8,'벽걸이TV',700001,800000);
Insert into PARKIB002.GIFT (GNO,GNAME,G_START,G_END) values (9,'드럼세탁기',800001,900000);
REM INSERTING into PARKIB002.GOGAK
SET DEFINE OFF;
Insert into PARKIB002.GOGAK (GNO,GNAME,JUMIN,POINT) values (20010001,'서진수','7510231369820',980000);
Insert into PARKIB002.GOGAK (GNO,GNAME,JUMIN,POINT) values (20010002,'서재수','7502241128467',73000);
Insert into PARKIB002.GOGAK (GNO,GNAME,JUMIN,POINT) values (20010003,'이미경','7506152123648',320000);
Insert into PARKIB002.GOGAK (GNO,GNAME,JUMIN,POINT) values (20010004,'김재수','7512251063421',65000);
Insert into PARKIB002.GOGAK (GNO,GNAME,JUMIN,POINT) values (20010005,'박동호','7503031639826',180000);
Insert into PARKIB002.GOGAK (GNO,GNAME,JUMIN,POINT) values (20010006,'김신영','7601232186327',153000);
Insert into PARKIB002.GOGAK (GNO,GNAME,JUMIN,POINT) values (20010007,'신은경','7604212298371',273000);
Insert into PARKIB002.GOGAK (GNO,GNAME,JUMIN,POINT) values (20010008,'오나라','7609112118379',315000);
Insert into PARKIB002.GOGAK (GNO,GNAME,JUMIN,POINT) values (20010009,'김설희','7601202378641',542000);
Insert into PARKIB002.GOGAK (GNO,GNAME,JUMIN,POINT) values (20010010,'임세현','7610122196482',265000);
Insert into PARKIB002.GOGAK (GNO,GNAME,JUMIN,POINT) values (20010011,'최순규','7711291186223',110000);
Insert into PARKIB002.GOGAK (GNO,GNAME,JUMIN,POINT) values (20010012,'정현영','7704021358674',99000);
Insert into PARKIB002.GOGAK (GNO,GNAME,JUMIN,POINT) values (20010013,'안광훈','7709131276431',470000);
Insert into PARKIB002.GOGAK (GNO,GNAME,JUMIN,POINT) values (20010014,'모병환','7702261196365',298000);
Insert into PARKIB002.GOGAK (GNO,GNAME,JUMIN,POINT) values (20010015,'노정호','7712141254963',420000);
Insert into PARKIB002.GOGAK (GNO,GNAME,JUMIN,POINT) values (20010016,'이윤나','7808192157498',598000);
Insert into PARKIB002.GOGAK (GNO,GNAME,JUMIN,POINT) values (20010017,'안은수','7801051776346',625000);
Insert into PARKIB002.GOGAK (GNO,GNAME,JUMIN,POINT) values (20010018,'인영민','7808091786954',670000);
Insert into PARKIB002.GOGAK (GNO,GNAME,JUMIN,POINT) values (20010019,'김지영','7803242114563',770000);
Insert into PARKIB002.GOGAK (GNO,GNAME,JUMIN,POINT) values (20010020,'허우','7802232116784',730000);
REM INSERTING into PARKIB002.HAKJUM
SET DEFINE OFF;
Insert into PARKIB002.HAKJUM (GRADE,MIN_POINT,MAX_POINT) values ('A+ ',96,100);
Insert into PARKIB002.HAKJUM (GRADE,MIN_POINT,MAX_POINT) values ('A0 ',90,95);
Insert into PARKIB002.HAKJUM (GRADE,MIN_POINT,MAX_POINT) values ('B+ ',86,89);
Insert into PARKIB002.HAKJUM (GRADE,MIN_POINT,MAX_POINT) values ('B0 ',80,85);
Insert into PARKIB002.HAKJUM (GRADE,MIN_POINT,MAX_POINT) values ('C+ ',76,79);
Insert into PARKIB002.HAKJUM (GRADE,MIN_POINT,MAX_POINT) values ('C0 ',70,75);
Insert into PARKIB002.HAKJUM (GRADE,MIN_POINT,MAX_POINT) values ('D  ',0,69);
REM INSERTING into PARKIB002.HELLOJSP
SET DEFINE OFF;
Insert into PARKIB002.HELLOJSP (NUM,NAME,ADDR,HP,CURDATE) values (18,'손흥민','강원도 춘천시','010-111-2222',to_date('25/04/24','RR/MM/DD'));
Insert into PARKIB002.HELLOJSP (NUM,NAME,ADDR,HP,CURDATE) values (17,'박창배','경기도 안양시','010-6651-4771',to_date('25/04/24','RR/MM/DD'));
Insert into PARKIB002.HELLOJSP (NUM,NAME,ADDR,HP,CURDATE) values (19,'홍길동','경기도 김포시','010-666-7777',to_date('25/04/24','RR/MM/DD'));
REM INSERTING into PARKIB002.INFO
SET DEFINE OFF;
Insert into PARKIB002.INFO (NUM,NAME,HP,AGE,PHOTO) values (20,'손흥민','010-123-4567',25,'../image/연예인사진/2.jpg');
Insert into PARKIB002.INFO (NUM,NAME,HP,AGE,PHOTO) values (21,'유아인','010-111-2222',28,'../image/연예인사진/20.jpg');
Insert into PARKIB002.INFO (NUM,NAME,HP,AGE,PHOTO) values (22,'박보영','010-555-4567',26,'../image/연예인사진/12.jpg');
Insert into PARKIB002.INFO (NUM,NAME,HP,AGE,PHOTO) values (23,'신민아','010-777-1111',32,'../image/연예인사진/17.jpg');
Insert into PARKIB002.INFO (NUM,NAME,HP,AGE,PHOTO) values (24,'김태희','010-544-2222',39,'../image/연예인사진/10.jpg');
REM INSERTING into PARKIB002.INFO2
SET DEFINE OFF;
Insert into PARKIB002.INFO2 (NUM,NAME,JOB,GENDER,AGE,HANDPHONE,IPSADAY,ADDR) values (7,'유혜나','엔지니어','여자',26,'010-2222-4444',to_date('22/07/26','RR/MM/DD'),null);
Insert into PARKIB002.INFO2 (NUM,NAME,JOB,GENDER,AGE,HANDPHONE,IPSADAY,ADDR) values (10,'김승현','개그맨','남자',26,'010-5555-7777',to_date('22/10/26','RR/MM/DD'),null);
Insert into PARKIB002.INFO2 (NUM,NAME,JOB,GENDER,AGE,HANDPHONE,IPSADAY,ADDR) values (12,'이현아','알바','여자',null,null,null,'서울시');
REM INSERTING into PARKIB002.MEMBER
SET DEFINE OFF;
Insert into PARKIB002.MEMBER (NO,NAME,JUMIN,PASSWD,ID,AN_KEY,AN_KEY_DAP) values (1001,'서유딩','7510231234560','a1234','simson','아내이름?','김초딩');
Insert into PARKIB002.MEMBER (NO,NAME,JUMIN,PASSWD,ID,AN_KEY,AN_KEY_DAP) values (1002,'김초딩','7509222345678','b1234','bobby','남편이름?','서유딩');
Insert into PARKIB002.MEMBER (NO,NAME,JUMIN,PASSWD,ID,AN_KEY,AN_KEY_DAP) values (1003,'서새알','1410234567890','c1234','daddy','아빠이름?','서유딩');
REM INSERTING into PARKIB002.MYMALL
SET DEFINE OFF;
Insert into PARKIB002.MYMALL (NUM,SANGPUM,COLOR,PRICE,IMAGENAME) values (30,'상품1','black',50000,'../image/쇼핑몰사진/1.jpg');
Insert into PARKIB002.MYMALL (NUM,SANGPUM,COLOR,PRICE,IMAGENAME) values (31,'상품2','yellow',45000,'../image/쇼핑몰사진/2.jpg');
Insert into PARKIB002.MYMALL (NUM,SANGPUM,COLOR,PRICE,IMAGENAME) values (32,'상품3','blue',55000,'../image/쇼핑몰사진/3.jpg');
Insert into PARKIB002.MYMALL (NUM,SANGPUM,COLOR,PRICE,IMAGENAME) values (33,'상품4','green',75000,'../image/쇼핑몰사진/4.jpg');
Insert into PARKIB002.MYMALL (NUM,SANGPUM,COLOR,PRICE,IMAGENAME) values (34,'상품5','purple',30000,'../image/쇼핑몰사진/5.jpg');
REM INSERTING into PARKIB002.MYSHOP
SET DEFINE OFF;
Insert into PARKIB002.MYSHOP (NUM,SANGPUM,SU,PRICE,SI,IPGODAY) values (1,'가방',1,50000,'대',to_date('25/03/17','RR/MM/DD'));
Insert into PARKIB002.MYSHOP (NUM,SANGPUM,SU,PRICE,SI,IPGODAY) values (2,'목걸이',3,30000,'대',to_date('25/03/17','RR/MM/DD'));
Insert into PARKIB002.MYSHOP (NUM,SANGPUM,SU,PRICE,SI,IPGODAY) values (3,'상의',5,45000,'중',to_date('25/03/17','RR/MM/DD'));
Insert into PARKIB002.MYSHOP (NUM,SANGPUM,SU,PRICE,SI,IPGODAY) values (4,'하의',7,100000,'소',to_date('25/03/17','RR/MM/DD'));
Insert into PARKIB002.MYSHOP (NUM,SANGPUM,SU,PRICE,SI,IPGODAY) values (5,'장갑',9,5000,'중',to_date('25/03/17','RR/MM/DD'));
REM INSERTING into PARKIB002.PANMAE
SET DEFINE OFF;
Insert into PARKIB002.PANMAE (P_DATE,P_CODE,P_QTY,P_TOTAL,P_STORE) values ('20110101',100,3,2400,'1000');
Insert into PARKIB002.PANMAE (P_DATE,P_CODE,P_QTY,P_TOTAL,P_STORE) values ('20110101',101,5,4500,'1001');
Insert into PARKIB002.PANMAE (P_DATE,P_CODE,P_QTY,P_TOTAL,P_STORE) values ('20110101',102,2,2000,'1003');
Insert into PARKIB002.PANMAE (P_DATE,P_CODE,P_QTY,P_TOTAL,P_STORE) values ('20110101',103,6,5400,'1004');
Insert into PARKIB002.PANMAE (P_DATE,P_CODE,P_QTY,P_TOTAL,P_STORE) values ('20110102',102,2,2000,'1000');
Insert into PARKIB002.PANMAE (P_DATE,P_CODE,P_QTY,P_TOTAL,P_STORE) values ('20110102',103,5,4500,'1002');
Insert into PARKIB002.PANMAE (P_DATE,P_CODE,P_QTY,P_TOTAL,P_STORE) values ('20110102',104,3,2400,'1002');
Insert into PARKIB002.PANMAE (P_DATE,P_CODE,P_QTY,P_TOTAL,P_STORE) values ('20110102',105,2,3000,'1000');
Insert into PARKIB002.PANMAE (P_DATE,P_CODE,P_QTY,P_TOTAL,P_STORE) values ('20110103',100,10,8000,'1004');
Insert into PARKIB002.PANMAE (P_DATE,P_CODE,P_QTY,P_TOTAL,P_STORE) values ('20110103',100,2,1600,'1000');
Insert into PARKIB002.PANMAE (P_DATE,P_CODE,P_QTY,P_TOTAL,P_STORE) values ('20110103',100,3,2400,'1001');
Insert into PARKIB002.PANMAE (P_DATE,P_CODE,P_QTY,P_TOTAL,P_STORE) values ('20110103',101,4,3600,'1003');
Insert into PARKIB002.PANMAE (P_DATE,P_CODE,P_QTY,P_TOTAL,P_STORE) values ('20110104',100,2,1600,'1002');
Insert into PARKIB002.PANMAE (P_DATE,P_CODE,P_QTY,P_TOTAL,P_STORE) values ('20110104',100,4,3200,'1003');
Insert into PARKIB002.PANMAE (P_DATE,P_CODE,P_QTY,P_TOTAL,P_STORE) values ('20110104',100,5,4000,'1004');
Insert into PARKIB002.PANMAE (P_DATE,P_CODE,P_QTY,P_TOTAL,P_STORE) values ('20110104',101,3,2700,'1001');
Insert into PARKIB002.PANMAE (P_DATE,P_CODE,P_QTY,P_TOTAL,P_STORE) values ('20110104',101,4,3600,'1002');
Insert into PARKIB002.PANMAE (P_DATE,P_CODE,P_QTY,P_TOTAL,P_STORE) values ('20110104',101,3,2700,'1003');
Insert into PARKIB002.PANMAE (P_DATE,P_CODE,P_QTY,P_TOTAL,P_STORE) values ('20110104',102,4,4000,'1001');
Insert into PARKIB002.PANMAE (P_DATE,P_CODE,P_QTY,P_TOTAL,P_STORE) values ('20110104',102,2,2000,'1002');
Insert into PARKIB002.PANMAE (P_DATE,P_CODE,P_QTY,P_TOTAL,P_STORE) values ('20110104',103,2,1800,'1003');
REM INSERTING into PARKIB002.PRODUCT
SET DEFINE OFF;
Insert into PARKIB002.PRODUCT (P_CODE,P_NAME,P_PRICE) values (100,'새우짱',800);
Insert into PARKIB002.PRODUCT (P_CODE,P_NAME,P_PRICE) values (101,'감자짱',900);
Insert into PARKIB002.PRODUCT (P_CODE,P_NAME,P_PRICE) values (102,'맛큰산',1000);
Insert into PARKIB002.PRODUCT (P_CODE,P_NAME,P_PRICE) values (103,'에이서',900);
Insert into PARKIB002.PRODUCT (P_CODE,P_NAME,P_PRICE) values (104,'맛짱구',800);
Insert into PARKIB002.PRODUCT (P_CODE,P_NAME,P_PRICE) values (105,'샤보레',1500);
REM INSERTING into PARKIB002.PROFESSOR
SET DEFINE OFF;
Insert into PARKIB002.PROFESSOR (PROFNO,NAME,ID,POSITION,PAY,HIREDATE,BONUS,DEPTNO,EMAIL,HPAGE) values (5001,'손흥민','loveme','정교수',500,to_date('25/03/17','RR/MM/DD'),null,301,null,null);
Insert into PARKIB002.PROFESSOR (PROFNO,NAME,ID,POSITION,PAY,HIREDATE,BONUS,DEPTNO,EMAIL,HPAGE) values (1001,'조인형','captain','정교수',550,to_date('80/06/23','RR/MM/DD'),100,101,'captain@abc.net','http://www.abc.net');
Insert into PARKIB002.PROFESSOR (PROFNO,NAME,ID,POSITION,PAY,HIREDATE,BONUS,DEPTNO,EMAIL,HPAGE) values (1002,'박승곤','sweety','조교수',380,to_date('87/01/30','RR/MM/DD'),100,101,'sweety@abc.net','http://www.abc.net');
Insert into PARKIB002.PROFESSOR (PROFNO,NAME,ID,POSITION,PAY,HIREDATE,BONUS,DEPTNO,EMAIL,HPAGE) values (2002,'김영조','number1','조교수',350,to_date('85/11/30','RR/MM/DD'),100,102,'number1@naver.com','http://num1.naver.com');
Insert into PARKIB002.PROFESSOR (PROFNO,NAME,ID,POSITION,PAY,HIREDATE,BONUS,DEPTNO,EMAIL,HPAGE) values (2003,'주승재','bluedragon','정교수',564,to_date('82/04/29','RR/MM/DD'),90,102,'bdragon@naver.com',null);
Insert into PARKIB002.PROFESSOR (PROFNO,NAME,ID,POSITION,PAY,HIREDATE,BONUS,DEPTNO,EMAIL,HPAGE) values (3001,'김도형','angel1004','정교수',530,to_date('81/10/23','RR/MM/DD'),110,103,'angel1004@hanmir.com',null);
Insert into PARKIB002.PROFESSOR (PROFNO,NAME,ID,POSITION,PAY,HIREDATE,BONUS,DEPTNO,EMAIL,HPAGE) values (3002,'나한열','naone10','조교수',330,to_date('97/07/01','RR/MM/DD'),100,103,'naone10@empal.com',null);
Insert into PARKIB002.PROFESSOR (PROFNO,NAME,ID,POSITION,PAY,HIREDATE,BONUS,DEPTNO,EMAIL,HPAGE) values (4001,'심슨','simson','정교수',570,to_date('81/10/23','RR/MM/DD'),130,201,'chebin@daum.net',null);
Insert into PARKIB002.PROFESSOR (PROFNO,NAME,ID,POSITION,PAY,HIREDATE,BONUS,DEPTNO,EMAIL,HPAGE) values (4002,'최슬기','gogogo','조교수',330,to_date('09/08/30','RR/MM/DD'),100,201,'gogogo@def.com',null);
Insert into PARKIB002.PROFESSOR (PROFNO,NAME,ID,POSITION,PAY,HIREDATE,BONUS,DEPTNO,EMAIL,HPAGE) values (4003,'박원범','mypride','조교수',310,to_date('99/12/01','RR/MM/DD'),100,202,'mypride@hanmail.net',null);
Insert into PARKIB002.PROFESSOR (PROFNO,NAME,ID,POSITION,PAY,HIREDATE,BONUS,DEPTNO,EMAIL,HPAGE) values (4005,'바비','standkang','정교수',500,to_date('85/09/18','RR/MM/DD'),80,203,'standkang@naver.com',null);
Insert into PARKIB002.PROFESSOR (PROFNO,NAME,ID,POSITION,PAY,HIREDATE,BONUS,DEPTNO,EMAIL,HPAGE) values (4007,'허은','silver-her','조교수',290,to_date('01/05/23','RR/MM/DD'),100,301,'silver-her@daum.net',null);
REM INSERTING into PARKIB002.PT_01
SET DEFINE OFF;
Insert into PARKIB002.PT_01 ("판매번호","제품번호","수량","금액") values ('12010101','1000',1,500);
Insert into PARKIB002.PT_01 ("판매번호","제품번호","수량","금액") values ('12010102','1001',1,400);
Insert into PARKIB002.PT_01 ("판매번호","제품번호","수량","금액") values ('12010103','1003',1,300);
REM INSERTING into PARKIB002.PT_02
SET DEFINE OFF;
Insert into PARKIB002.PT_02 ("판매번호","제품번호","수량","금액") values ('12010201','1004',1,600);
Insert into PARKIB002.PT_02 ("판매번호","제품번호","수량","금액") values ('12010202','1000',1,500);
Insert into PARKIB002.PT_02 ("판매번호","제품번호","수량","금액") values ('12010203','1005',1,700);
REM INSERTING into PARKIB002.P_01
SET DEFINE OFF;
REM INSERTING into PARKIB002.P_02
SET DEFINE OFF;
REM INSERTING into PARKIB002.P_GRADE
SET DEFINE OFF;
Insert into PARKIB002.P_GRADE (POSITION,S_AGE,E_AGE,S_YEAR,E_YEAR,S_PAY,E_PAY) values ('주임',0,24,1,2,12000000,29990000);
Insert into PARKIB002.P_GRADE (POSITION,S_AGE,E_AGE,S_YEAR,E_YEAR,S_PAY,E_PAY) values ('대리',25,28,3,5,30000000,45000000);
Insert into PARKIB002.P_GRADE (POSITION,S_AGE,E_AGE,S_YEAR,E_YEAR,S_PAY,E_PAY) values ('과장',29,32,6,8,45010000,51000000);
Insert into PARKIB002.P_GRADE (POSITION,S_AGE,E_AGE,S_YEAR,E_YEAR,S_PAY,E_PAY) values ('차장',33,36,9,10,51010000,60000000);
Insert into PARKIB002.P_GRADE (POSITION,S_AGE,E_AGE,S_YEAR,E_YEAR,S_PAY,E_PAY) values ('부장',37,40,11,13,60010000,75000000);
Insert into PARKIB002.P_GRADE (POSITION,S_AGE,E_AGE,S_YEAR,E_YEAR,S_PAY,E_PAY) values ('이사',41,55,14,99,75010000,100000000);
REM INSERTING into PARKIB002.P_TOTAL
SET DEFINE OFF;
REM INSERTING into PARKIB002.REG_TEST
SET DEFINE OFF;
Insert into PARKIB002.REG_TEST (TEXT) values ('ABC123');
Insert into PARKIB002.REG_TEST (TEXT) values ('ABC 123');
Insert into PARKIB002.REG_TEST (TEXT) values ('abc 123');
Insert into PARKIB002.REG_TEST (TEXT) values ('a1b2c3');
Insert into PARKIB002.REG_TEST (TEXT) values ('aabbcc123');
Insert into PARKIB002.REG_TEST (TEXT) values ('?/!@#$*&');
Insert into PARKIB002.REG_TEST (TEXT) values ('\~*().,');
Insert into PARKIB002.REG_TEST (TEXT) values ('123123');
Insert into PARKIB002.REG_TEST (TEXT) values ('123abc');
REM INSERTING into PARKIB002.SAWON
SET DEFINE OFF;
Insert into PARKIB002.SAWON (NUM,NAME,GENDER,BUSEO,PAY) values (23,'이승연','남자','교육부',2500000);
Insert into PARKIB002.SAWON (NUM,NAME,GENDER,BUSEO,PAY) values (24,'김민재','남자','디자인부',3100000);
Insert into PARKIB002.SAWON (NUM,NAME,GENDER,BUSEO,PAY) values (25,'수지','여자','교육부',3500000);
Insert into PARKIB002.SAWON (NUM,NAME,GENDER,BUSEO,PAY) values (26,'이지은','여자','디자인부',2800000);
Insert into PARKIB002.SAWON (NUM,NAME,GENDER,BUSEO,PAY) values (27,'박보검','남자','교육부',2600000);
Insert into PARKIB002.SAWON (NUM,NAME,GENDER,BUSEO,PAY) values (28,'이승기','남자','개발부',2500000);
Insert into PARKIB002.SAWON (NUM,NAME,GENDER,BUSEO,PAY) values (29,'이미진','여자','교육부',3100000);
Insert into PARKIB002.SAWON (NUM,NAME,GENDER,BUSEO,PAY) values (30,'유영재','남자','교육부',2800000);
Insert into PARKIB002.SAWON (NUM,NAME,GENDER,BUSEO,PAY) values (31,'김승지','여자','교육부',2860000);
Insert into PARKIB002.SAWON (NUM,NAME,GENDER,BUSEO,PAY) values (32,'유승호','남자','개발부',2800000);
Insert into PARKIB002.SAWON (NUM,NAME,GENDER,BUSEO,PAY) values (36,'유민지','여자','교육부',2800000);
REM INSERTING into PARKIB002.SAWON2
SET DEFINE OFF;
REM INSERTING into PARKIB002.SHOP
SET DEFINE OFF;
Insert into PARKIB002.SHOP (NUM,SANGPUM,COLOR) values (1,'요가매트','핑크');
Insert into PARKIB002.SHOP (NUM,SANGPUM,COLOR) values (2,'아령','블랙');
Insert into PARKIB002.SHOP (NUM,SANGPUM,COLOR) values (4,'레깅스','블랙');
Insert into PARKIB002.SHOP (NUM,SANGPUM,COLOR) values (5,'양말','화이트');
REM INSERTING into PARKIB002.STUDENT
SET DEFINE OFF;
Insert into PARKIB002.STUDENT (STUDNO,NAME,ID,GRADE,JUMIN,BIRTHDAY,TEL,HEIGHT,WEIGHT,DEPTNO1,DEPTNO2,PROFNO) values (9411,'서진수','75true',4,'7510231901810',to_date('75/10/23','RR/MM/DD'),'055)381-2158',180,72,101,201,1001);
Insert into PARKIB002.STUDENT (STUDNO,NAME,ID,GRADE,JUMIN,BIRTHDAY,TEL,HEIGHT,WEIGHT,DEPTNO1,DEPTNO2,PROFNO) values (9412,'서재수','pooh94',4,'7502241128467',to_date('75/02/24','RR/MM/DD'),'051)426-1700',172,64,102,null,2001);
Insert into PARKIB002.STUDENT (STUDNO,NAME,ID,GRADE,JUMIN,BIRTHDAY,TEL,HEIGHT,WEIGHT,DEPTNO1,DEPTNO2,PROFNO) values (9413,'이미경','angel000',4,'7506152123648',to_date('75/06/15','RR/MM/DD'),'053)266-8947',168,52,103,203,3002);
Insert into PARKIB002.STUDENT (STUDNO,NAME,ID,GRADE,JUMIN,BIRTHDAY,TEL,HEIGHT,WEIGHT,DEPTNO1,DEPTNO2,PROFNO) values (9414,'김재수','gunmandu',4,'7512251063421',to_date('75/12/25','RR/MM/DD'),'02)6255-9875',177,83,201,null,4001);
Insert into PARKIB002.STUDENT (STUDNO,NAME,ID,GRADE,JUMIN,BIRTHDAY,TEL,HEIGHT,WEIGHT,DEPTNO1,DEPTNO2,PROFNO) values (9415,'박동호','pincle1',4,'7503031639826',to_date('75/03/03','RR/MM/DD'),'031)740-6388',182,70,202,null,4003);
Insert into PARKIB002.STUDENT (STUDNO,NAME,ID,GRADE,JUMIN,BIRTHDAY,TEL,HEIGHT,WEIGHT,DEPTNO1,DEPTNO2,PROFNO) values (9511,'김신영','bingo',3,'7601232186327',to_date('76/01/23','RR/MM/DD'),'055)333-6328',164,48,101,null,1002);
Insert into PARKIB002.STUDENT (STUDNO,NAME,ID,GRADE,JUMIN,BIRTHDAY,TEL,HEIGHT,WEIGHT,DEPTNO1,DEPTNO2,PROFNO) values (9512,'신은경','jjang1',3,'7604122298371',to_date('76/04/12','RR/MM/DD'),'051)418-9627',161,42,102,201,2002);
Insert into PARKIB002.STUDENT (STUDNO,NAME,ID,GRADE,JUMIN,BIRTHDAY,TEL,HEIGHT,WEIGHT,DEPTNO1,DEPTNO2,PROFNO) values (9513,'오나라','nara5',3,'7609112118379',to_date('76/09/11','RR/MM/DD'),'051)724-9618',177,55,202,null,4003);
Insert into PARKIB002.STUDENT (STUDNO,NAME,ID,GRADE,JUMIN,BIRTHDAY,TEL,HEIGHT,WEIGHT,DEPTNO1,DEPTNO2,PROFNO) values (9514,'구유미','guyume',3,'7601202378641',to_date('76/01/20','RR/MM/DD'),'055)296-3784',160,58,301,101,4007);
Insert into PARKIB002.STUDENT (STUDNO,NAME,ID,GRADE,JUMIN,BIRTHDAY,TEL,HEIGHT,WEIGHT,DEPTNO1,DEPTNO2,PROFNO) values (9515,'임세현','shyun1',3,'7610122196482',to_date('76/10/12','RR/MM/DD'),'02)312-9838',171,54,201,null,4001);
Insert into PARKIB002.STUDENT (STUDNO,NAME,ID,GRADE,JUMIN,BIRTHDAY,TEL,HEIGHT,WEIGHT,DEPTNO1,DEPTNO2,PROFNO) values (9611,'일지매','onejimae',2,'7711291186223',to_date('77/11/29','RR/MM/DD'),'02)6788-4861',182,72,101,null,1002);
Insert into PARKIB002.STUDENT (STUDNO,NAME,ID,GRADE,JUMIN,BIRTHDAY,TEL,HEIGHT,WEIGHT,DEPTNO1,DEPTNO2,PROFNO) values (9612,'김진욱','samjang7',2,'7704021358674',to_date('77/04/02','RR/MM/DD'),'055)488-2998',171,70,102,null,2001);
Insert into PARKIB002.STUDENT (STUDNO,NAME,ID,GRADE,JUMIN,BIRTHDAY,TEL,HEIGHT,WEIGHT,DEPTNO1,DEPTNO2,PROFNO) values (9613,'안광훈','nonnon1',2,'7709131276431',to_date('77/09/13','RR/MM/DD'),'053)736-4981',175,82,201,null,4002);
Insert into PARKIB002.STUDENT (STUDNO,NAME,ID,GRADE,JUMIN,BIRTHDAY,TEL,HEIGHT,WEIGHT,DEPTNO1,DEPTNO2,PROFNO) values (9614,'김문호','munho',2,'7702261196365',to_date('77/02/26','RR/MM/DD'),'02)6175-3945',166,51,201,null,4003);
Insert into PARKIB002.STUDENT (STUDNO,NAME,ID,GRADE,JUMIN,BIRTHDAY,TEL,HEIGHT,WEIGHT,DEPTNO1,DEPTNO2,PROFNO) values (9615,'노정호','star123',2,'7712141254963',to_date('77/12/14','RR/MM/DD'),'051)785-6984',184,62,301,null,4007);
Insert into PARKIB002.STUDENT (STUDNO,NAME,ID,GRADE,JUMIN,BIRTHDAY,TEL,HEIGHT,WEIGHT,DEPTNO1,DEPTNO2,PROFNO) values (9711,'이윤나','prettygirl',1,'7808192157498',to_date('78/08/19','RR/MM/DD'),'055)278-3649',162,48,101,null,null);
Insert into PARKIB002.STUDENT (STUDNO,NAME,ID,GRADE,JUMIN,BIRTHDAY,TEL,HEIGHT,WEIGHT,DEPTNO1,DEPTNO2,PROFNO) values (9712,'안은수','silverwt',1,'7801051776346',to_date('78/01/05','RR/MM/DD'),'02)381-5440',175,63,201,null,null);
Insert into PARKIB002.STUDENT (STUDNO,NAME,ID,GRADE,JUMIN,BIRTHDAY,TEL,HEIGHT,WEIGHT,DEPTNO1,DEPTNO2,PROFNO) values (9713,'인영민','youngmin',1,'7808091786954',to_date('78/08/09','RR/MM/DD'),'031)345-5677',173,69,201,null,null);
Insert into PARKIB002.STUDENT (STUDNO,NAME,ID,GRADE,JUMIN,BIRTHDAY,TEL,HEIGHT,WEIGHT,DEPTNO1,DEPTNO2,PROFNO) values (9714,'김주현','kimjh',1,'7803241981987',to_date('78/03/24','RR/MM/DD'),'055)423-9870',179,81,102,null,null);
Insert into PARKIB002.STUDENT (STUDNO,NAME,ID,GRADE,JUMIN,BIRTHDAY,TEL,HEIGHT,WEIGHT,DEPTNO1,DEPTNO2,PROFNO) values (9715,'허우','wooya2702',1,'7802232116784',to_date('78/02/23','RR/MM/DD'),'02)6122-2345',163,51,103,null,null);
REM INSERTING into PARKIB002.TEST_ENABLE
SET DEFINE OFF;
REM INSERTING into PARKIB002.TEST_NOVALIDATE
SET DEFINE OFF;
Insert into PARKIB002.TEST_NOVALIDATE (NO,NAME) values (1,'AAA');
Insert into PARKIB002.TEST_NOVALIDATE (NO,NAME) values (2,'BBB');
Insert into PARKIB002.TEST_NOVALIDATE (NO,NAME) values (3,'CCC');
REM INSERTING into PARKIB002.TEST_VALIDATE
SET DEFINE OFF;
Insert into PARKIB002.TEST_VALIDATE (NO,NAME) values (1,'AAA');
Insert into PARKIB002.TEST_VALIDATE (NO,NAME) values (2,'BBB');
Insert into PARKIB002.TEST_VALIDATE (NO,NAME) values (3,'CCC');
REM INSERTING into PARKIB002.YOGIYO
SET DEFINE OFF;
Insert into PARKIB002.YOGIYO (FOOD_NO,FOOD_NAME,FOOD_PHOTO,PRICE,CNT) values (25,'피자','../image/Food/1.jpg',25000,5);
Insert into PARKIB002.YOGIYO (FOOD_NO,FOOD_NAME,FOOD_PHOTO,PRICE,CNT) values (26,'초밥','../image/Food/2.jpg',15000,10);
Insert into PARKIB002.YOGIYO (FOOD_NO,FOOD_NAME,FOOD_PHOTO,PRICE,CNT) values (27,'햄버거','../image/Food/3.jpg',8000,1);
Insert into PARKIB002.YOGIYO (FOOD_NO,FOOD_NAME,FOOD_PHOTO,PRICE,CNT) values (28,'치킨','../image/Food/4.jpg',20000,1);
Insert into PARKIB002.YOGIYO (FOOD_NO,FOOD_NAME,FOOD_PHOTO,PRICE,CNT) values (29,'라면','../image/Food/5.jpg',5000,1);
--------------------------------------------------------
--  DDL for Index TV_NO_PK
--------------------------------------------------------

  CREATE UNIQUE INDEX "PARKIB002"."TV_NO_PK" ON "PARKIB002"."TEST_VALIDATE" ("NO") 
  PCTFREE 10 INITRANS 2 MAXTRANS 255 
  STORAGE(INITIAL 65536 NEXT 1048576 MINEXTENTS 1 MAXEXTENTS 2147483645
  PCTINCREASE 0 FREELISTS 1 FREELIST GROUPS 1
  BUFFER_POOL DEFAULT FLASH_CACHE DEFAULT CELL_FLASH_CACHE DEFAULT)
  TABLESPACE "USERS" ;
--------------------------------------------------------
--  DDL for Index BOARD_PK_BNO
--------------------------------------------------------

  CREATE UNIQUE INDEX "PARKIB002"."BOARD_PK_BNO" ON "PARKIB002"."BOARD" ("BNO") 
  PCTFREE 10 INITRANS 2 MAXTRANS 255 
  STORAGE(INITIAL 65536 NEXT 1048576 MINEXTENTS 1 MAXEXTENTS 2147483645
  PCTINCREASE 0 FREELISTS 1 FREELIST GROUPS 1
  BUFFER_POOL DEFAULT FLASH_CACHE DEFAULT CELL_FLASH_CACHE DEFAULT)
  TABLESPACE "USERS" ;
--------------------------------------------------------
--  DDL for Index SAWON_PK_NUM
--------------------------------------------------------

  CREATE UNIQUE INDEX "PARKIB002"."SAWON_PK_NUM" ON "PARKIB002"."SAWON" ("NUM") 
  PCTFREE 10 INITRANS 2 MAXTRANS 255 
  STORAGE(INITIAL 65536 NEXT 1048576 MINEXTENTS 1 MAXEXTENTS 2147483645
  PCTINCREASE 0 FREELISTS 1 FREELIST GROUPS 1
  BUFFER_POOL DEFAULT FLASH_CACHE DEFAULT CELL_FLASH_CACHE DEFAULT)
  TABLESPACE "USERS" ;
--------------------------------------------------------
--  DDL for Index ANSWER_PK_NUM
--------------------------------------------------------

  CREATE UNIQUE INDEX "PARKIB002"."ANSWER_PK_NUM" ON "PARKIB002"."ANSWER" ("NUM") 
  PCTFREE 10 INITRANS 2 MAXTRANS 255 
  STORAGE(INITIAL 65536 NEXT 1048576 MINEXTENTS 1 MAXEXTENTS 2147483645
  PCTINCREASE 0 FREELISTS 1 FREELIST GROUPS 1
  BUFFER_POOL DEFAULT FLASH_CACHE DEFAULT CELL_FLASH_CACHE DEFAULT)
  TABLESPACE "USERS" ;
--------------------------------------------------------
--  DDL for Index TE_NO_PK
--------------------------------------------------------

  CREATE UNIQUE INDEX "PARKIB002"."TE_NO_PK" ON "PARKIB002"."TEST_ENABLE" ("NO") 
  PCTFREE 10 INITRANS 2 MAXTRANS 255 
  TABLESPACE "USERS" ;
--------------------------------------------------------
--  DDL for Index SAWON_UK_NAME
--------------------------------------------------------

  CREATE UNIQUE INDEX "PARKIB002"."SAWON_UK_NAME" ON "PARKIB002"."SAWON" ("NAME") 
  PCTFREE 10 INITRANS 2 MAXTRANS 255 COMPUTE STATISTICS 
  STORAGE(INITIAL 65536 NEXT 1048576 MINEXTENTS 1 MAXEXTENTS 2147483645
  PCTINCREASE 0 FREELISTS 1 FREELIST GROUPS 1
  BUFFER_POOL DEFAULT FLASH_CACHE DEFAULT CELL_FLASH_CACHE DEFAULT)
  TABLESPACE "USERS" ;
--------------------------------------------------------
--  DDL for Procedure PRINT_TABLE
--------------------------------------------------------
set define off;

  CREATE OR REPLACE NONEDITIONABLE PROCEDURE "PARKIB002"."PRINT_TABLE" ( p_query in varchar2 )
AUTHID CURRENT_USER
is
    l_theCursor     integer default dbms_sql.open_cursor;
    l_columnValue   varchar2(4000);
    l_status        integer;
    l_descTbl       dbms_sql.desc_tab;
    l_colCnt        number;
begin
    execute immediate
    'alter session set
        nls_date_format=''yyyy-mm-dd:hh24:mi:ss'' ';
    dbms_sql.parse(  l_theCursor,  p_query, dbms_sql.native );
    dbms_sql.describe_columns
    ( l_theCursor, l_colCnt, l_descTbl );
    for i in 1 .. l_colCnt loop
        dbms_sql.define_column
        (l_theCursor, i, l_columnValue, 4000);
    end loop;
    l_status := dbms_sql.execute(l_theCursor);
    while ( dbms_sql.fetch_rows(l_theCursor) > 0 ) loop
        for i in 1 .. l_colCnt loop
            dbms_sql.column_value
            ( l_theCursor, i, l_columnValue );
            dbms_output.put_line
            ( rpad( l_descTbl(i).col_name, 30 )
              || ': ' ||
              l_columnValue );
        end loop;
        dbms_output.put_line( '-----------------' );
    end loop;
    execute immediate
        'alter session set nls_date_format=''yyyy-mm-dd'' ';
exception
    when others then
      execute immediate
          'alter session set nls_date_format=''yyyy-mm-dd'' ';
      raise;
end;

/
--------------------------------------------------------
--  Constraints for Table AJAXMEMO
--------------------------------------------------------

  ALTER TABLE "PARKIB002"."AJAXMEMO" ADD PRIMARY KEY ("NUM")
  USING INDEX PCTFREE 10 INITRANS 2 MAXTRANS 255 
  STORAGE(INITIAL 65536 NEXT 1048576 MINEXTENTS 1 MAXEXTENTS 2147483645
  PCTINCREASE 0 FREELISTS 1 FREELIST GROUPS 1
  BUFFER_POOL DEFAULT FLASH_CACHE DEFAULT CELL_FLASH_CACHE DEFAULT)
  TABLESPACE "USERS"  ENABLE;
--------------------------------------------------------
--  Constraints for Table PRODUCT
--------------------------------------------------------

  ALTER TABLE "PARKIB002"."PRODUCT" MODIFY ("P_NAME" NOT NULL ENABLE);
  ALTER TABLE "PARKIB002"."PRODUCT" ADD PRIMARY KEY ("P_CODE")
  USING INDEX PCTFREE 10 INITRANS 2 MAXTRANS 255 
  STORAGE(INITIAL 65536 NEXT 1048576 MINEXTENTS 1 MAXEXTENTS 2147483645
  PCTINCREASE 0 FREELISTS 1 FREELIST GROUPS 1
  BUFFER_POOL DEFAULT FLASH_CACHE DEFAULT CELL_FLASH_CACHE DEFAULT)
  TABLESPACE "USERS"  ENABLE;
--------------------------------------------------------
--  Constraints for Table SHOP
--------------------------------------------------------

  ALTER TABLE "PARKIB002"."SHOP" ADD PRIMARY KEY ("NUM")
  USING INDEX PCTFREE 10 INITRANS 2 MAXTRANS 255 
  STORAGE(INITIAL 65536 NEXT 1048576 MINEXTENTS 1 MAXEXTENTS 2147483645
  PCTINCREASE 0 FREELISTS 1 FREELIST GROUPS 1
  BUFFER_POOL DEFAULT FLASH_CACHE DEFAULT CELL_FLASH_CACHE DEFAULT)
  TABLESPACE "USERS"  ENABLE;
--------------------------------------------------------
--  Constraints for Table CART2
--------------------------------------------------------

  ALTER TABLE "PARKIB002"."CART2" ADD PRIMARY KEY ("IDX")
  USING INDEX PCTFREE 10 INITRANS 2 MAXTRANS 255 
  STORAGE(INITIAL 65536 NEXT 1048576 MINEXTENTS 1 MAXEXTENTS 2147483645
  PCTINCREASE 0 FREELISTS 1 FREELIST GROUPS 1
  BUFFER_POOL DEFAULT FLASH_CACHE DEFAULT CELL_FLASH_CACHE DEFAULT)
  TABLESPACE "USERS"  ENABLE;
--------------------------------------------------------
--  Constraints for Table FOODORDER
--------------------------------------------------------

  ALTER TABLE "PARKIB002"."FOODORDER" ADD PRIMARY KEY ("IDX")
  USING INDEX PCTFREE 10 INITRANS 2 MAXTRANS 255 
  STORAGE(INITIAL 65536 NEXT 1048576 MINEXTENTS 1 MAXEXTENTS 2147483645
  PCTINCREASE 0 FREELISTS 1 FREELIST GROUPS 1
  BUFFER_POOL DEFAULT FLASH_CACHE DEFAULT CELL_FLASH_CACHE DEFAULT)
  TABLESPACE "USERS"  ENABLE;
--------------------------------------------------------
--  Constraints for Table BOOKING
--------------------------------------------------------

  ALTER TABLE "PARKIB002"."BOOKING" ADD PRIMARY KEY ("NUM")
  USING INDEX PCTFREE 10 INITRANS 2 MAXTRANS 255 
  STORAGE(INITIAL 65536 NEXT 1048576 MINEXTENTS 1 MAXEXTENTS 2147483645
  PCTINCREASE 0 FREELISTS 1 FREELIST GROUPS 1
  BUFFER_POOL DEFAULT FLASH_CACHE DEFAULT CELL_FLASH_CACHE DEFAULT)
  TABLESPACE "USERS"  ENABLE;
--------------------------------------------------------
--  Constraints for Table FOODMENU
--------------------------------------------------------

  ALTER TABLE "PARKIB002"."FOODMENU" ADD PRIMARY KEY ("FNO")
  USING INDEX PCTFREE 10 INITRANS 2 MAXTRANS 255 
  STORAGE(INITIAL 65536 NEXT 1048576 MINEXTENTS 1 MAXEXTENTS 2147483645
  PCTINCREASE 0 FREELISTS 1 FREELIST GROUPS 1
  BUFFER_POOL DEFAULT FLASH_CACHE DEFAULT CELL_FLASH_CACHE DEFAULT)
  TABLESPACE "USERS"  ENABLE;
--------------------------------------------------------
--  Constraints for Table YOGIYO
--------------------------------------------------------

  ALTER TABLE "PARKIB002"."YOGIYO" ADD PRIMARY KEY ("FOOD_NO")
  USING INDEX PCTFREE 10 INITRANS 2 MAXTRANS 255 
  STORAGE(INITIAL 65536 NEXT 1048576 MINEXTENTS 1 MAXEXTENTS 2147483645
  PCTINCREASE 0 FREELISTS 1 FREELIST GROUPS 1
  BUFFER_POOL DEFAULT FLASH_CACHE DEFAULT CELL_FLASH_CACHE DEFAULT)
  TABLESPACE "USERS"  ENABLE;
--------------------------------------------------------
--  Constraints for Table CART1
--------------------------------------------------------

  ALTER TABLE "PARKIB002"."CART1" ADD PRIMARY KEY ("IDX")
  USING INDEX PCTFREE 10 INITRANS 2 MAXTRANS 255 
  STORAGE(INITIAL 65536 NEXT 1048576 MINEXTENTS 1 MAXEXTENTS 2147483645
  PCTINCREASE 0 FREELISTS 1 FREELIST GROUPS 1
  BUFFER_POOL DEFAULT FLASH_CACHE DEFAULT CELL_FLASH_CACHE DEFAULT)
  TABLESPACE "USERS"  ENABLE;
--------------------------------------------------------
--  Constraints for Table DEPT3
--------------------------------------------------------

  ALTER TABLE "PARKIB002"."DEPT3" MODIFY ("DNAME" NOT NULL ENABLE);
--------------------------------------------------------
--  Constraints for Table PROFESSOR
--------------------------------------------------------

  ALTER TABLE "PARKIB002"."PROFESSOR" MODIFY ("NAME" NOT NULL ENABLE);
  ALTER TABLE "PARKIB002"."PROFESSOR" MODIFY ("ID" NOT NULL ENABLE);
  ALTER TABLE "PARKIB002"."PROFESSOR" MODIFY ("POSITION" NOT NULL ENABLE);
  ALTER TABLE "PARKIB002"."PROFESSOR" MODIFY ("PAY" NOT NULL ENABLE);
  ALTER TABLE "PARKIB002"."PROFESSOR" MODIFY ("HIREDATE" NOT NULL ENABLE);
  ALTER TABLE "PARKIB002"."PROFESSOR" ADD PRIMARY KEY ("PROFNO")
  USING INDEX PCTFREE 10 INITRANS 2 MAXTRANS 255 
  STORAGE(INITIAL 65536 NEXT 1048576 MINEXTENTS 1 MAXEXTENTS 2147483645
  PCTINCREASE 0 FREELISTS 1 FREELIST GROUPS 1
  BUFFER_POOL DEFAULT FLASH_CACHE DEFAULT CELL_FLASH_CACHE DEFAULT)
  TABLESPACE "USERS"  ENABLE;
--------------------------------------------------------
--  Constraints for Table STUDENT
--------------------------------------------------------

  ALTER TABLE "PARKIB002"."STUDENT" MODIFY ("NAME" NOT NULL ENABLE);
  ALTER TABLE "PARKIB002"."STUDENT" MODIFY ("ID" NOT NULL ENABLE);
  ALTER TABLE "PARKIB002"."STUDENT" MODIFY ("JUMIN" NOT NULL ENABLE);
  ALTER TABLE "PARKIB002"."STUDENT" ADD CHECK (grade between 1 and 6) ENABLE;
  ALTER TABLE "PARKIB002"."STUDENT" ADD PRIMARY KEY ("STUDNO")
  USING INDEX PCTFREE 10 INITRANS 2 MAXTRANS 255 
  STORAGE(INITIAL 65536 NEXT 1048576 MINEXTENTS 1 MAXEXTENTS 2147483645
  PCTINCREASE 0 FREELISTS 1 FREELIST GROUPS 1
  BUFFER_POOL DEFAULT FLASH_CACHE DEFAULT CELL_FLASH_CACHE DEFAULT)
  TABLESPACE "USERS"  ENABLE;
  ALTER TABLE "PARKIB002"."STUDENT" ADD UNIQUE ("ID")
  USING INDEX PCTFREE 10 INITRANS 2 MAXTRANS 255 
  STORAGE(INITIAL 65536 NEXT 1048576 MINEXTENTS 1 MAXEXTENTS 2147483645
  PCTINCREASE 0 FREELISTS 1 FREELIST GROUPS 1
  BUFFER_POOL DEFAULT FLASH_CACHE DEFAULT CELL_FLASH_CACHE DEFAULT)
  TABLESPACE "USERS"  ENABLE;
--------------------------------------------------------
--  Constraints for Table ANSWER
--------------------------------------------------------

  ALTER TABLE "PARKIB002"."ANSWER" ADD CONSTRAINT "ANSWER_PK_NUM" PRIMARY KEY ("NUM")
  USING INDEX PCTFREE 10 INITRANS 2 MAXTRANS 255 
  STORAGE(INITIAL 65536 NEXT 1048576 MINEXTENTS 1 MAXEXTENTS 2147483645
  PCTINCREASE 0 FREELISTS 1 FREELIST GROUPS 1
  BUFFER_POOL DEFAULT FLASH_CACHE DEFAULT CELL_FLASH_CACHE DEFAULT)
  TABLESPACE "USERS"  ENABLE;
--------------------------------------------------------
--  Constraints for Table MEMBER
--------------------------------------------------------

  ALTER TABLE "PARKIB002"."MEMBER" MODIFY ("NO" NOT NULL ENABLE);
  ALTER TABLE "PARKIB002"."MEMBER" MODIFY ("NAME" NOT NULL ENABLE);
  ALTER TABLE "PARKIB002"."MEMBER" MODIFY ("PASSWD" NOT NULL ENABLE);
  ALTER TABLE "PARKIB002"."MEMBER" MODIFY ("ID" NOT NULL ENABLE);
  ALTER TABLE "PARKIB002"."MEMBER" ADD PRIMARY KEY ("JUMIN")
  USING INDEX PCTFREE 10 INITRANS 2 MAXTRANS 255 
  STORAGE(INITIAL 65536 NEXT 1048576 MINEXTENTS 1 MAXEXTENTS 2147483645
  PCTINCREASE 0 FREELISTS 1 FREELIST GROUPS 1
  BUFFER_POOL DEFAULT FLASH_CACHE DEFAULT CELL_FLASH_CACHE DEFAULT)
  TABLESPACE "USERS"  ENABLE;
  ALTER TABLE "PARKIB002"."MEMBER" ADD UNIQUE ("ID")
  USING INDEX PCTFREE 10 INITRANS 2 MAXTRANS 255 
  STORAGE(INITIAL 65536 NEXT 1048576 MINEXTENTS 1 MAXEXTENTS 2147483645
  PCTINCREASE 0 FREELISTS 1 FREELIST GROUPS 1
  BUFFER_POOL DEFAULT FLASH_CACHE DEFAULT CELL_FLASH_CACHE DEFAULT)
  TABLESPACE "USERS"  ENABLE;
--------------------------------------------------------
--  Constraints for Table TEST_NOVALIDATE
--------------------------------------------------------

  ALTER TABLE "PARKIB002"."TEST_NOVALIDATE" MODIFY ("NAME" NOT NULL ENABLE);
  ALTER TABLE "PARKIB002"."TEST_NOVALIDATE" ADD PRIMARY KEY ("NO")
  USING INDEX PCTFREE 10 INITRANS 2 MAXTRANS 255 
  STORAGE(INITIAL 65536 NEXT 1048576 MINEXTENTS 1 MAXEXTENTS 2147483645
  PCTINCREASE 0 FREELISTS 1 FREELIST GROUPS 1
  BUFFER_POOL DEFAULT FLASH_CACHE DEFAULT CELL_FLASH_CACHE DEFAULT)
  TABLESPACE "USERS"  ENABLE;
--------------------------------------------------------
--  Constraints for Table DML_ERR_TEST
--------------------------------------------------------

  ALTER TABLE "PARKIB002"."DML_ERR_TEST" ADD PRIMARY KEY ("NO")
  USING INDEX PCTFREE 10 INITRANS 2 MAXTRANS 255 
  STORAGE(INITIAL 65536 NEXT 1048576 MINEXTENTS 1 MAXEXTENTS 2147483645
  PCTINCREASE 0 FREELISTS 1 FREELIST GROUPS 1
  BUFFER_POOL DEFAULT FLASH_CACHE DEFAULT CELL_FLASH_CACHE DEFAULT)
  TABLESPACE "USERS"  ENABLE;
--------------------------------------------------------
--  Constraints for Table PANMAE
--------------------------------------------------------

  ALTER TABLE "PARKIB002"."PANMAE" MODIFY ("P_DATE" NOT NULL ENABLE);
  ALTER TABLE "PARKIB002"."PANMAE" MODIFY ("P_CODE" NOT NULL ENABLE);
--------------------------------------------------------
--  Constraints for Table TEST_ENABLE
--------------------------------------------------------

  ALTER TABLE "PARKIB002"."TEST_ENABLE" MODIFY ("NAME" CONSTRAINT "TE_NAME_NN" NOT NULL ENABLE);
  ALTER TABLE "PARKIB002"."TEST_ENABLE" ADD CONSTRAINT "TE_NO_PK" PRIMARY KEY ("NO")
  USING INDEX PCTFREE 10 INITRANS 2 MAXTRANS 255 
  TABLESPACE "USERS"  ENABLE;
--------------------------------------------------------
--  Constraints for Table TEST_VALIDATE
--------------------------------------------------------

  ALTER TABLE "PARKIB002"."TEST_VALIDATE" MODIFY ("NAME" CONSTRAINT "TV_NAME_NN" NOT NULL ENABLE);
  ALTER TABLE "PARKIB002"."TEST_VALIDATE" ADD CONSTRAINT "TV_NO_PK" PRIMARY KEY ("NO")
  USING INDEX PCTFREE 10 INITRANS 2 MAXTRANS 255 
  STORAGE(INITIAL 65536 NEXT 1048576 MINEXTENTS 1 MAXEXTENTS 2147483645
  PCTINCREASE 0 FREELISTS 1 FREELIST GROUPS 1
  BUFFER_POOL DEFAULT FLASH_CACHE DEFAULT CELL_FLASH_CACHE DEFAULT)
  TABLESPACE "USERS"  ENABLE;
--------------------------------------------------------
--  Constraints for Table MYMALL
--------------------------------------------------------

  ALTER TABLE "PARKIB002"."MYMALL" ADD PRIMARY KEY ("NUM")
  USING INDEX PCTFREE 10 INITRANS 2 MAXTRANS 255 
  STORAGE(INITIAL 65536 NEXT 1048576 MINEXTENTS 1 MAXEXTENTS 2147483645
  PCTINCREASE 0 FREELISTS 1 FREELIST GROUPS 1
  BUFFER_POOL DEFAULT FLASH_CACHE DEFAULT CELL_FLASH_CACHE DEFAULT)
  TABLESPACE "USERS"  ENABLE;
--------------------------------------------------------
--  Constraints for Table HELLOJSP
--------------------------------------------------------

  ALTER TABLE "PARKIB002"."HELLOJSP" ADD PRIMARY KEY ("NUM")
  USING INDEX PCTFREE 10 INITRANS 2 MAXTRANS 255 
  STORAGE(INITIAL 65536 NEXT 1048576 MINEXTENTS 1 MAXEXTENTS 2147483645
  PCTINCREASE 0 FREELISTS 1 FREELIST GROUPS 1
  BUFFER_POOL DEFAULT FLASH_CACHE DEFAULT CELL_FLASH_CACHE DEFAULT)
  TABLESPACE "USERS"  ENABLE;
--------------------------------------------------------
--  Constraints for Table MYSHOP
--------------------------------------------------------

  ALTER TABLE "PARKIB002"."MYSHOP" ADD PRIMARY KEY ("NUM")
  USING INDEX PCTFREE 10 INITRANS 2 MAXTRANS 255 
  STORAGE(INITIAL 65536 NEXT 1048576 MINEXTENTS 1 MAXEXTENTS 2147483645
  PCTINCREASE 0 FREELISTS 1 FREELIST GROUPS 1
  BUFFER_POOL DEFAULT FLASH_CACHE DEFAULT CELL_FLASH_CACHE DEFAULT)
  TABLESPACE "USERS"  ENABLE;
--------------------------------------------------------
--  Constraints for Table COMPANY
--------------------------------------------------------

  ALTER TABLE "PARKIB002"."COMPANY" ADD PRIMARY KEY ("COMPANY_ID")
  USING INDEX PCTFREE 10 INITRANS 2 MAXTRANS 255 
  STORAGE(INITIAL 65536 NEXT 1048576 MINEXTENTS 1 MAXEXTENTS 2147483645
  PCTINCREASE 0 FREELISTS 1 FREELIST GROUPS 1
  BUFFER_POOL DEFAULT FLASH_CACHE DEFAULT CELL_FLASH_CACHE DEFAULT)
  TABLESPACE "USERS"  ENABLE;
--------------------------------------------------------
--  Constraints for Table SAWON
--------------------------------------------------------

  ALTER TABLE "PARKIB002"."SAWON" ADD CONSTRAINT "SAWON_PK_NUM" PRIMARY KEY ("NUM")
  USING INDEX PCTFREE 10 INITRANS 2 MAXTRANS 255 
  STORAGE(INITIAL 65536 NEXT 1048576 MINEXTENTS 1 MAXEXTENTS 2147483645
  PCTINCREASE 0 FREELISTS 1 FREELIST GROUPS 1
  BUFFER_POOL DEFAULT FLASH_CACHE DEFAULT CELL_FLASH_CACHE DEFAULT)
  TABLESPACE "USERS"  ENABLE;
  ALTER TABLE "PARKIB002"."SAWON" ADD CONSTRAINT "SAWON_UK_NAME" UNIQUE ("NAME")
  USING INDEX PCTFREE 10 INITRANS 2 MAXTRANS 255 COMPUTE STATISTICS 
  STORAGE(INITIAL 65536 NEXT 1048576 MINEXTENTS 1 MAXEXTENTS 2147483645
  PCTINCREASE 0 FREELISTS 1 FREELIST GROUPS 1
  BUFFER_POOL DEFAULT FLASH_CACHE DEFAULT CELL_FLASH_CACHE DEFAULT)
  TABLESPACE "USERS"  ENABLE;
  ALTER TABLE "PARKIB002"."SAWON" ADD CONSTRAINT "CK_SAWON_GENDER" CHECK (gender in('남자','여자')) ENABLE;
--------------------------------------------------------
--  Constraints for Table GAIP
--------------------------------------------------------

  ALTER TABLE "PARKIB002"."GAIP" ADD PRIMARY KEY ("NUM")
  USING INDEX PCTFREE 10 INITRANS 2 MAXTRANS 255 
  STORAGE(INITIAL 65536 NEXT 1048576 MINEXTENTS 1 MAXEXTENTS 2147483645
  PCTINCREASE 0 FREELISTS 1 FREELIST GROUPS 1
  BUFFER_POOL DEFAULT FLASH_CACHE DEFAULT CELL_FLASH_CACHE DEFAULT)
  TABLESPACE "USERS"  ENABLE;
--------------------------------------------------------
--  Constraints for Table DEPT2
--------------------------------------------------------

  ALTER TABLE "PARKIB002"."DEPT2" MODIFY ("DNAME" NOT NULL ENABLE);
  ALTER TABLE "PARKIB002"."DEPT2" ADD PRIMARY KEY ("DCODE")
  USING INDEX PCTFREE 10 INITRANS 2 MAXTRANS 255 
  STORAGE(INITIAL 65536 NEXT 1048576 MINEXTENTS 1 MAXEXTENTS 2147483645
  PCTINCREASE 0 FREELISTS 1 FREELIST GROUPS 1
  BUFFER_POOL DEFAULT FLASH_CACHE DEFAULT CELL_FLASH_CACHE DEFAULT)
  TABLESPACE "USERS"  ENABLE;
--------------------------------------------------------
--  Constraints for Table EMP2
--------------------------------------------------------

  ALTER TABLE "PARKIB002"."EMP2" MODIFY ("NAME" NOT NULL ENABLE);
  ALTER TABLE "PARKIB002"."EMP2" MODIFY ("DEPTNO" NOT NULL ENABLE);
  ALTER TABLE "PARKIB002"."EMP2" ADD PRIMARY KEY ("EMPNO")
  USING INDEX PCTFREE 10 INITRANS 2 MAXTRANS 255 
  STORAGE(INITIAL 65536 NEXT 1048576 MINEXTENTS 1 MAXEXTENTS 2147483645
  PCTINCREASE 0 FREELISTS 1 FREELIST GROUPS 1
  BUFFER_POOL DEFAULT FLASH_CACHE DEFAULT CELL_FLASH_CACHE DEFAULT)
  TABLESPACE "USERS"  ENABLE;
--------------------------------------------------------
--  Constraints for Table BOARD
--------------------------------------------------------

  ALTER TABLE "PARKIB002"."BOARD" ADD CONSTRAINT "BOARD_PK_BNO" PRIMARY KEY ("BNO")
  USING INDEX PCTFREE 10 INITRANS 2 MAXTRANS 255 
  STORAGE(INITIAL 65536 NEXT 1048576 MINEXTENTS 1 MAXEXTENTS 2147483645
  PCTINCREASE 0 FREELISTS 1 FREELIST GROUPS 1
  BUFFER_POOL DEFAULT FLASH_CACHE DEFAULT CELL_FLASH_CACHE DEFAULT)
  TABLESPACE "USERS"  ENABLE;
--------------------------------------------------------
--  Constraints for Table INFO
--------------------------------------------------------

  ALTER TABLE "PARKIB002"."INFO" ADD PRIMARY KEY ("NUM")
  USING INDEX PCTFREE 10 INITRANS 2 MAXTRANS 255 
  STORAGE(INITIAL 65536 NEXT 1048576 MINEXTENTS 1 MAXEXTENTS 2147483645
  PCTINCREASE 0 FREELISTS 1 FREELIST GROUPS 1
  BUFFER_POOL DEFAULT FLASH_CACHE DEFAULT CELL_FLASH_CACHE DEFAULT)
  TABLESPACE "USERS"  ENABLE;
--------------------------------------------------------
--  Ref Constraints for Table ANSWER
--------------------------------------------------------

  ALTER TABLE "PARKIB002"."ANSWER" ADD CONSTRAINT "ANSWER_FK_BNO" FOREIGN KEY ("BNO")
	  REFERENCES "PARKIB002"."BOARD" ("BNO") ON DELETE CASCADE ENABLE;
--------------------------------------------------------
--  Ref Constraints for Table CART1
--------------------------------------------------------

  ALTER TABLE "PARKIB002"."CART1" ADD CONSTRAINT "CART_FK_NUM" FOREIGN KEY ("NUM")
	  REFERENCES "PARKIB002"."SHOP" ("NUM") ENABLE;
--------------------------------------------------------
--  Ref Constraints for Table CART2
--------------------------------------------------------

  ALTER TABLE "PARKIB002"."CART2" ADD CONSTRAINT "CART2_FK_NUM" FOREIGN KEY ("NUM")
	  REFERENCES "PARKIB002"."SHOP" ("NUM") ON DELETE CASCADE ENABLE;
--------------------------------------------------------
--  Ref Constraints for Table FOODORDER
--------------------------------------------------------

  ALTER TABLE "PARKIB002"."FOODORDER" ADD CONSTRAINT "FO_FK_FNO" FOREIGN KEY ("FNO")
	  REFERENCES "PARKIB002"."FOODMENU" ("FNO") ON DELETE CASCADE ENABLE;
--------------------------------------------------------
--  Ref Constraints for Table SAWON2
--------------------------------------------------------

  ALTER TABLE "PARKIB002"."SAWON2" ADD CONSTRAINT "SAWON_FK_ID" FOREIGN KEY ("COMPANY_ID")
	  REFERENCES "PARKIB002"."COMPANY" ("COMPANY_ID") ENABLE;
